Time [s],AirCon Power [kW],Ambient Temperature Sensor [°C],Ambient Temperature [°C],Battery Current [A],Battery Temperature [°C],Battery Voltage [V],Cabin Temperature Sensor [°C],Coolant Temperature Heatercore [°C],Coolant Temperature Inlet [°C],Coolant Volume Flow +500 [l/h],Elevation [m],Heat Exchanger Temperature [°C],Heater Current [A],Heater Signal,Heater Voltage [V],Heating Power CAN [kW],Heating Power LIN [W],Longitudinal Acceleration [m/s^2],Motor Torque [Nm],Regenerative Braking Signal,Requested Coolant Temperature [°C],Requested Heating Power [W],SoC [%],Temperature Coolant Heater Inlet [°C],Temperature Coolant Heater Outlet [°C],Temperature Defrost central [°C],Temperature Defrost central left [°C],Temperature Defrost central right [°C],Temperature Defrost lateral left [°C],Temperature Defrost lateral right [°C],Temperature Feetvent Co-Driver [°C],Temperature Feetvent Driver [°C],Temperature Footweel Co-Driver [°C],Temperature Footweel Driver [°C],Temperature Head Co-Driver [°C],Temperature Head Driver [°C],Temperature Heat Exchanger Outlet [°C],Temperature Vent central left [°C],Temperature Vent central right [°C],Temperature Vent right [°C],Throttle [%],Velocity [km/h],displayed SoC [%],max. Battery Temperature [°C],max. SoC [%],min. SoC [%]
0,0.24,,24.0,-1.7216666666666667,25.0,386.8,23.0,,,,582.0,14.0,,1.0,,0.0,,0.225,0.0,0.0,85.0,0.0,75.1,,,,,,,,,,,,,,,,,,0.0,0.0,89.5,26.0,90,8
1,0.24000000000000002,,24.0,-1.7777777777777777,25.0,386.8,23.0,,,,582.0,14.0,,1.0,,0.0,,0.20666666666666667,0.0,0.0,85.0,0.0,75.1,,,,,,,,,,,,,,,,,,0.0,0.0,89.5,26.0,90,8
2,0.23999999999999996,,24.0,-1.8,25.0,386.8,23.0,,,,582.0,14.0,,1.0,,0.0,,0.21727272727272728,0.0,0.0,85.0,0.0,75.1,,,,,,,,,,,,,,,,,,0.0,0.0,89.5,26.0,90,8
3,0.24000000000000002,,24.0,-1.8433333333333333,25.0,386.8,23.0,,,,582.0,14.0,,1.0,,0.0,,0.21555555555555556,0.0,0.0,85.0,0.0,75.1,,,,,,,,,,,,,,,,,,0.0,0.0,89.5,26.0,90,8
4,0.23999999999999996,,24.0,-1.800909090909091,25.0,386.8,23.0,,,,582.0,14.0,,1.0,,0.0,,0.22545454545454546,0.0,0.0,85.0,0.0,75.1,,,,,,,,,,,,,,,,,,0.0,0.0,89.5,26.0,90,8
5,0.24000000000000002,,24.0,-1.8444444444444446,25.0,386.8,23.0,,,,582.0,14.0,,1.0,,0.0,,0.2255555555555556,0.0,0.0,85.0,0.0,75.1,,,,,,,,,,,,,,,,,,0.0,0.0,89.5,26.0,90,8
6,0.23999999999999996,,24.0,-1.8545454545454545,25.0,386.8,23.0,,,,582.0,14.0,,1.0,,0.0,,0.21636363636363634,0.0,0.0,85.0,0.0,75.1,,,,,,,,,,,,,,,,,,0.0,0.0,89.5,26.0,90,8
7,0.24000000000000002,,24.0,-1.822222222222222,25.0,386.8,23.0,,,,582.0,14.0,,1.0,,0.0,,0.2255555555555556,0.0,0.0,85.0,0.0,75.1,,,,,,,,,,,,,,,,,,0.0,0.0,89.5,26.0,90,8
8,0.24545454545454548,,24.0,-1.8781818181818182,25.0,386.8,23.0,,,,582.0,14.0,,1.0,,0.0,,0.2218181818181818,0.0,0.0,85.0,0.0,75.1,,,,,,,,,,,,,,,,,,0.0,0.0,89.5,26.0,90,8
9,0.28,,24.0,-1.9566666666666666,25.0,386.7555555555556,23.0,,,,582.0,14.0,,1.0,,0.0,,0.20888888888888887,0.0,0.0,85.0,0.0,75.0,,,,,,,,,,,,,,,,,,0.0,0.0,89.5,26.0,90,8
10,0.3054545454545454,,24.0,-2.0654545454545454,25.0,386.7336363636363,23.0,,,,582.0,14.0,,1.0,,0.0,,0.22,0.0,0.0,85.0,0.0,75.0,,,,,,,,,,,,,,,,,,0.0,0.0,89.5,26.0,90,8
11,0.3422222222222222,,24.0,-2.17,25.0,386.7,23.0,,,,582.0,14.0,,1.0,,0.0,,0.21333333333333332,0.0,0.0,85.0,0.0,75.0,,,,,,,,,,,,,,,,,,0.0,0.0,89.5,26.0,90,8
12,0.36,,24.0,-2.266363636363636,25.0,386.7,23.0,,,,582.0,14.0,,1.0,,0.0,,0.22,0.0,0.0,85.0,0.0,75.0,,,,,,,,,,,,,,,,,,0.0,0.0,89.5,26.0,90,8
13,0.4311111111111111,,24.0,-2.5766666666666667,25.0,386.7,22.987777777777776,,,,582.0,14.0,,1.0,,0.0,,0.20111111111111113,0.0,0.0,85.0,0.0,75.0,,,,,,,,,,,,,,,,,,0.0,0.0,89.5,26.0,90,8
14,0.5709090909090909,,24.0,-2.6481818181818184,25.0,386.7,22.866363636363637,,,,582.0,14.0,,1.0,,0.0,,0.22636363636363638,0.0,0.0,85.0,0.0,75.0,,,,,,,,,,,,,,,,,,0.0,0.0,89.5,26.0,90,8
15,0.6,,24.0,-2.7222222222222223,25.0,386.7,22.84,,,,582.0,14.0,,1.0,,0.0,,0.21555555555555556,0.0,0.0,85.0,0.0,75.0,,,,,,,,,,,,,,,,,,0.0,0.0,89.5,26.0,90,8
16,0.6009090909090908,,24.0,-2.8027272727272727,25.0,386.7,22.85818181818182,,,,582.0,14.0,,1.0,,0.0,,0.22818181818181815,0.0,0.0,85.0,0.0,75.0,,,,,,,,,,,,,,,,,,0.0,0.0,89.5,26.0,90,8
17,0.6388888888888888,,24.037777777777777,-2.8922222222222222,25.0,386.7,22.96777777777778,,,,582.0,14.0,,1.0,,0.0,,0.22,0.0,0.0,85.0,0.0,75.0,,,,,,,,,,,,,,,,,,0.0,0.0,89.5,26.0,90,8
18,0.6509090909090909,,24.41,-2.9,25.0,386.7,22.864545454545453,,,,582.0,14.0,,1.0,,0.0,,0.23454545454545456,0.0,0.0,85.0,0.0,75.0,,,,,,,,,,,,,,,,,,0.0,0.0,89.5,26.0,90,8
19,0.6577777777777778,,24.5,-2.83,25.0,386.7,22.84,,,,582.0,14.0,,1.0,,0.0,,0.2122222222222222,0.0,0.0,85.0,0.0,75.0,,,,,,,,,,,,,,,,,,0.0,0.0,89.5,26.0,90,8
20,0.64,,24.5,-2.7154545454545453,25.0,386.7,22.84,,,,582.0,14.0,,1.0,,0.0,,0.22272727272727275,0.0,0.0,85.0,0.0,75.0,,,,,,,,,,,,,,,,,,0.0,0.0,89.5,26.0,90,8
21,0.6266666666666666,,24.5,-2.7055555555555557,25.0,386.7,22.84,,,,582.0,14.0,,1.0,,0.0,,0.2122222222222222,0.0,0.0,85.0,0.0,75.0,,,,,,,,,,,,,,,,,,0.0,0.0,89.5,26.0,90,8
22,0.6,,24.5,-2.7627272727272727,25.0,386.6818181818182,22.84,,,,582.0,14.0,,1.0,,0.0,,0.23545454545454544,0.0,0.0,85.0,0.0,75.0,,,,,,,,,,,,,,,,,,0.0,0.0,89.5,26.0,90,8
23,0.6,,24.5,-2.43,25.0,386.7,22.84,,,,582.0,14.0,,1.0,,0.0,,0.22,0.0,0.0,85.0,0.0,75.0,,,,,,,,,,,,,,,,,,0.0,0.0,89.5,26.0,90,8
24,0.6,,24.5,-2.381818181818182,25.0,386.7,22.84,,,,582.0,14.0,,1.0,,0.0,,0.22454545454545458,0.0,0.0,85.0,0.0,75.0,,,,,,,,,,,,,,,,,,0.0,0.0,89.5,26.0,90,8
25,0.4933333333333333,,24.5,-2.307777777777778,25.0,386.7,22.84,,,,582.0,14.0,,1.0,,0.0,,0.22,0.0,0.0,85.0,0.0,75.0,,,,,,,,,,,,,,,,,,0.0,0.0,89.5,26.0,90,8
26,0.4799999999999999,,24.5,-2.3545454545454545,25.0,386.7,22.84,,,,582.0,14.0,,1.0,,0.0,,0.21636363636363634,0.0,0.0,85.0,0.0,75.0,,,,,,,,,,,,,,,,,,0.0,0.0,89.5,26.0,90,8
27,0.48000000000000004,,24.5,-2.3655555555555554,25.0,386.7,22.84,,,,582.0,14.0,,1.0,,0.0,,0.22333333333333336,0.0,0.0,85.0,0.0,75.0,,,,,,,,,,,,,,,,,,0.0,0.0,89.5,26.0,90,8
28,0.4799999999999999,,24.5,-2.2827272727272727,25.0,386.7,22.84,,,,582.0,14.0,,1.0,,1.0863636363636362,,0.21909090909090911,0.0,0.0,85.0,0.0,75.0,,,,,,,,,,,,,,,,,,0.0,0.0,89.5,26.0,90,8
29,0.4444444444444444,,24.5,-2.322222222222222,25.0,386.7,22.84,,,,582.0,14.0,,1.0,,5.482222222222222,,0.20222222222222222,0.0,0.0,85.0,0.0,75.0,,,,,,,,,,,,,,,,,,0.0,0.0,89.5,26.0,90,8
30,0.44,,24.5,-2.2818181818181817,25.0,386.7,22.84,,,,582.0,14.0,,1.0,,0.0,,0.2127272727272727,0.0,0.0,85.0,0.0,75.0,,,,,,,,,,,,,,,,,,0.0,0.0,89.5,26.0,90,8
31,0.44,,24.5,-2.252222222222222,25.0,386.7,22.84,,,,582.0,14.0,,1.0,,0.0,,0.2288888888888889,0.0,0.0,85.0,0.0,75.0,,,,,,,,,,,,,,,,,,0.0,0.0,89.5,26.0,90,8
32,0.44,,24.5,-2.2545454545454544,25.0,386.7,22.84,,,,582.0,14.0,,1.0,,0.0,,0.2127272727272727,0.0,0.0,85.0,0.0,75.0,,,,,,,,,,,,,,,,,,0.0,0.0,89.5,26.0,90,8
33,0.44,,24.5,-2.27,25.0,386.7,22.84,,,,582.0,13.953333333333333,,1.0,,0.0,,0.22999999999999998,0.0,0.0,85.0,0.0,75.0,,,,,,,,,,,,,,,,,,0.0,0.0,89.5,26.0,90,8
34,0.44,,24.5,-2.311818181818182,25.0,386.7,22.84,,,,582.0,13.57909090909091,,1.0,,0.0,,0.23363636363636367,0.0,0.0,85.0,0.0,75.0,,,,,,,,,,,,,,,,,,0.0,0.0,89.5,26.0,90,8
35,0.44,,24.5,-2.4,25.0,386.7,22.84,,,,582.0,13.5,,1.0,,0.0,,0.2222222222222222,0.0,0.0,85.0,0.0,75.0,,,,,,,,,,,,,,,,,,0.0,0.0,89.5,26.0,90,8
36,0.44,,24.5,-4.914545454545455,25.0,386.52181818181816,22.84,,,,582.0,13.5,,1.0,,0.0,,0.6990909090909091,31.58,0.0,85.0,0.0,75.0,,,,,,,,,,,,,,,,,,16.978181818181817,0.11272727272727273,89.5,26.0,90,8
37,0.47555555555555556,,24.5,-18.136666666666667,25.0,385.59333333333336,22.84,,,,582.0,13.5,,1.0,,0.0,,1.8499999999999999,114.09444444444443,0.0,85.0,0.0,75.0,,,,,,,,,,,,,,,,,,34.59888888888889,4.23,89.5,26.0,90,8
38,0.4799999999999999,,24.5,-29.186363636363637,25.0,384.6881818181818,22.84,,,,582.0,13.5,,1.0,,0.0,,1.710909090909091,106.95272727272727,0.0,85.0,0.0,75.0,,,,,,,,,,,,,,,,,,41.059090909090905,10.254545454545454,89.5,26.0,90,8
39,0.48000000000000004,,24.5,-31.671111111111113,25.0,384.45222222222225,22.84,,,,582.0,13.5,,1.0,,0.0,,1.2922222222222224,81.02111111111111,0.0,85.0,0.0,75.0,,,,,,,,,,,,,,,,,,42.52,14.757777777777777,89.5,26.0,90,8
40,0.5309090909090909,,24.5,-36.33818181818182,25.0,384.0318181818182,22.84,,,,582.0,13.5,,1.0,,4.516363636363636,,1.23,78.2690909090909,0.0,85.0,0.0,75.0,,,,,,,,,,,,,,,,,,42.91,18.41181818181818,89.5,26.0,90,8
41,0.5622222222222223,,24.5,-32.34888888888889,25.0,384.2033333333333,22.84,,,,582.0,13.5,,1.0,,0.6133333333333333,,0.7955555555555556,61.303333333333335,0.0,85.0,0.0,75.0,,,,,,,,,,,,,,,,,,40.650000000000006,21.167777777777776,89.5,26.0,90,8
42,0.5754545454545453,,24.5,-21.930909090909093,25.0,384.8863636363636,22.84,,,,582.0,13.5,,1.0,,0.0,,0.3090909090909091,36.23636363636364,0.0,85.0,0.0,74.9,,,,,,,,,,,,,,,,,,39.71818181818182,22.26090909090909,89.5,26.0,90,8
43,0.5877777777777777,,24.5,-40.54666666666667,25.0,383.5677777777778,22.84,,,,582.0,13.5,,1.0,,0.0,,0.6766666666666666,66.74,0.0,85.0,0.0,74.9,,,,,,,,,,,,,,,,,,46.25222222222222,23.604444444444443,89.5,26.0,90,8
44,0.5945454545454546,,24.5,-65.54272727272728,25.0,381.6836363636364,22.84,,,,582.0,13.5,,1.0,,0.0,,1.3118181818181818,100.90454545454546,0.0,85.0,0.0,74.9,,,,,,,,,,,,,,,,,,49.83636363636364,27.60909090909091,89.5,26.0,90,8
45,0.5711111111111111,,24.5,-74.04,25.0,380.86333333333334,22.84,,,,582.0,13.546666666666667,,1.0,,0.0,,1.468888888888889,99.1711111111111,0.0,85.0,0.0,74.9,,,,,,,,,,,,,,,,,,51.303333333333335,32.29666666666667,89.5,26.0,90,8
46,0.56,,24.5,-91.24363636363636,25.0,379.4790909090909,22.819090909090907,,,,582.0,13.92090909090909,,1.0,,0.0,,1.700909090909091,108.59727272727272,0.0,85.0,0.0,74.9,,,,,,,,,,,,,,,,,,54.24636363636364,36.842727272727274,89.5,26.0,90,8
47,0.5422222222222223,,24.5,-117.07444444444445,25.0,377.4322222222222,22.692222222222224,,,,582.0,13.953333333333333,,1.0,,0.0,,2.035555555555556,124.57555555555557,0.0,85.0,0.0,74.8,,,,,,,,,,,,,,,,,,56.96,41.934444444444445,89.5,26.0,90,8
48,0.519090909090909,,24.5,-127.59363636363636,25.0,376.34363636363634,22.67,,,,582.0,13.57909090909091,,1.0,,0.07545454545454545,,2.0,121.5,0.0,85.0,0.0,74.7,,,,,,,,,,,,,,,,,,56.98272727272727,47.306363636363635,89.5,26.0,90,8
49,0.5066666666666667,,24.5,-132.4033333333333,25.0,375.7266666666667,22.67,,,,582.0,13.5,,1.0,,0.6155555555555555,,1.838888888888889,115.39222222222222,0.0,85.0,0.0,74.7,,,,,,,,,,,,,,,,,,55.79666666666667,52.18444444444444,89.5,26.0,90,8
50,0.4945454545454545,,24.5,-77.40181818181817,25.0,379.1945454545455,22.67,,,,582.0,13.5,,1.0,,1.259090909090909,,0.98,64.11363636363636,0.0,85.0,0.0,74.6,,,,,,,,,,,,,,,,,,46.92454545454545,55.48,89.0,26.0,90,8
51,0.4811111111111111,,24.5,-46.0,25.0,381.4944444444444,22.67,,,,582.0,13.5,,1.0,,1.9000000000000001,,0.4566666666666667,35.97888888888889,0.0,85.0,0.0,74.6,,,,,,,,,,,,,,,,,,46.668888888888894,56.22888888888889,89.0,26.0,90,8
52,0.4799999999999999,,24.5,-36.49909090909091,25.0,382.16818181818184,22.67,,,,582.0,13.5,,1.0,,2.5427272727272725,,0.37999999999999995,28.508181818181814,0.0,85.0,0.0,74.6,,,,,,,,,,,,,,,,,,41.71272727272728,56.42090909090909,89.0,26.0,90,8
53,0.48000000000000004,,24.466666666666665,-6.655555555555555,25.0,384.3288888888889,22.67,,,,582.0,13.5,,1.0,,3.1855555555555557,,-0.05666666666666667,3.941111111111111,0.0,85.0,0.0,74.6,,,,,,,,,,,,,,,,,,26.98,55.51888888888889,89.0,26.0,90,8
54,0.4690909090909091,,24.1,3.508181818181818,25.0,385.2763636363636,22.67,,,,582.0,13.5,,1.0,,3.8272727272727276,,-0.2427272727272727,-5.95,0.0,85.0,0.0,74.6,,,,,,,,,,,,,,,,,,28.13181818181818,53.13181818181818,89.0,26.0,90,8
55,0.43555555555555553,,24.0,-14.842222222222224,25.0,384.19,22.67,,,,582.0,13.5,,1.0,,4.470000000000001,,0.005555555555555554,8.10888888888889,0.0,85.0,0.0,74.6,,,,,,,,,,,,,,,,,,43.73111111111111,50.93333333333333,89.0,26.0,90,8
56,0.4145454545454545,,24.0,-192.98545454545456,25.0,371.8481818181818,22.67,,,,582.0,13.5,,1.0,,5.112727272727273,,2.4872727272727273,152.83363636363637,0.0,85.0,0.0,74.5,,,,,,,,,,,,,,,,,,70.87363636363636,53.51090909090909,89.0,26.0,90,8
57,0.4222222222222222,,24.0,-260.1488888888889,25.0,366.19,22.67,,,,582.0,13.5,,1.0,,5.517777777777777,,2.9988888888888887,181.92111111111112,0.0,85.0,0.0,74.4,,,,,,,,,,,,,,,,,,71.58111111111111,62.41,89.0,26.0,90,8
58,0.38727272727272727,,24.0,-291.75454545454545,25.0,363.3118181818182,22.67,,,,582.0,13.5,,1.0,,1.0036363636363637,,2.897272727272727,175.94727272727275,0.0,85.0,0.0,74.3,,,,,,,,,,,,,,,,,,76.06818181818181,71.74727272727273,89.0,26.0,90,8
59,0.3933333333333333,,24.0,-347.30555555555554,25.0,358.77,22.67,,,,582.0,13.5,,1.0,,0.0,,2.897777777777778,181.9477777777778,0.0,85.0,0.0,74.1,,,,,,,,,,,,,,,,,,92.29555555555555,81.18333333333334,88.5,26.0,90,8
60,0.3654545454545454,,24.0,-338.7909090909091,25.44818181818182,358.48,22.67,,,,582.0,13.5,,1.0,,0.0,,2.5009090909090905,160.39090909090908,0.0,85.0,0.0,74.0,,,,,,,,,,,,,,,,,,97.19727272727273,90.00454545454545,88.5,26.0,90,8
61,0.3733333333333333,,24.0,-317.21777777777777,26.0,359.31444444444446,22.67,,,,582.0,13.5,,1.0,,0.0,,2.171111111111111,138.92555555555555,0.0,85.0,0.0,73.86,,,,,,,,,,,,,,,,,,98.51,97.42,88.5,26.0,90,8
62,0.3954545454545455,,24.0,-306.4236363636364,26.0,359.4927272727273,22.67,,,,582.0,13.5,,1.0,,0.0,,1.9436363636363636,126.35272727272728,0.0,85.0,0.0,73.7,,,,,,,,,,,,,,,,,,85.9809090909091,103.71454545454544,88.0,26.0,90,8
63,0.3877777777777778,,24.0,-216.11333333333334,26.0,365.0466666666667,22.67,,,,582.0,13.5,,1.0,,0.0,,1.2066666666666666,90.06,0.0,85.0,0.0,73.6,,,,,,,,,,,,,,,,,,53.43,108.76444444444445,88.0,26.0,90,8
64,0.3790909090909091,,24.0,-29.005454545454544,26.0,378.09636363636366,22.67,,,,582.0,13.5,,1.0,,0.0,,-0.045454545454545456,11.008181818181818,0.0,85.0,0.0,73.56,,,,,,,,,,,,,,,,,,27.222727272727273,109.4718181818182,88.0,26.163636363636364,90,8
65,0.37,,24.0,-40.135555555555555,26.0,378.09222222222223,22.67,,,,582.0,13.5,,1.0,,0.0,,-0.03555555555555556,12.495555555555557,0.0,85.0,0.0,73.5,,,,,,,,,,,,,,,,,,51.602222222222224,107.9388888888889,87.53,26.96777777777778,90,8
66,0.3618181818181818,,24.0,-202.7590909090909,26.0,366.9790909090909,22.650000000000002,,,,582.0,13.44090909090909,,1.0,,0.0,,1.1481818181818182,80.17454545454545,0.0,85.0,0.0,73.5,,,,,,,,,,,,,,,,,,69.74454545454545,109.44363636363636,87.5,27.0,90,8
67,0.36,,24.0,-239.8044444444444,26.0,363.79999999999995,22.524444444444445,,,,582.0,13.066666666666666,,1.0,,0.0,,1.3533333333333333,92.22444444444444,0.0,85.0,0.0,73.4,,,,,,,,,,,,,,,,,,66.65333333333334,113.62888888888888,87.5,27.0,90,8
68,0.36,,24.0,-219.76090909090908,26.0,364.76,22.5,,,,582.0,13.0,,1.0,,0.1409090909090909,,1.1827272727272726,81.22545454545455,0.0,85.0,0.0,73.3,,,,,,,,,,,,,,,,,,71.72181818181818,117.31,87.5,27.0,90,8
69,0.36,,24.0,-254.27777777777777,26.0,362.0711111111111,22.5,,,,582.0,13.0,,1.0,,1.15,,1.22,90.83333333333333,0.0,85.0,0.0,73.2,,,,,,,,,,,,,,,,,,87.04333333333334,121.08555555555556,87.5,27.0,90,8
70,0.34909090909090906,,24.0,-251.72818181818184,26.0,361.84272727272725,22.5,,,,582.0,13.0,,1.0,,2.3572727272727274,,1.1663636363636363,87.18727272727273,0.0,85.0,0.0,73.06,,,,,,,,,,,,,,,,,,83.43181818181819,124.94454545454546,87.0,27.0,90,8
71,0.3377777777777778,,24.0,-241.95555555555555,26.0,362.1511111111111,22.5,,,,582.0,13.0,,1.0,,3.56,,1.0366666666666666,81.96666666666667,0.0,85.0,0.0,73.0,,,,,,,,,,,,,,,,,,75.97111111111111,128.1788888888889,87.0,27.0,90,8
72,0.36,,24.034545454545455,-186.59272727272727,26.0,365.5763636363636,22.5,,,,582.0,13.0,,1.0,,4.76,,0.7390909090909091,63.50636363636363,0.0,85.0,0.0,72.9,,,,,,,,,,,,,,,,,,55.626363636363635,130.88272727272727,87.0,27.0,90,8
73,0.30000000000000004,,24.396666666666665,-48.49111111111111,26.223333333333333,375.1377777777777,22.5,,,,582.0,13.0,,1.0,,5.515555555555555,,-0.2711111111111111,15.627777777777778,0.0,85.0,0.0,72.8,,,,,,,,,,,,,,,,,,41.01888888888889,131.16,87.0,27.0,90,8
74,0.32,,24.5,-24.721818181818183,27.0,377.30909090909086,22.5,,,,582.0,13.0,,1.0,,1.0036363636363637,,-0.3481818181818182,6.45,0.0,85.0,0.0,72.8,,,,,,,,,,,,,,,,,,43.32727272727273,129.63363636363636,86.5,27.14363636363636,90,8
75,0.32,,24.5,-53.46333333333334,27.0,375.7055555555555,22.5,,,,582.0,13.0,,1.0,,0.0,,-0.14555555555555555,16.33888888888889,0.0,85.0,0.0,72.8,,,,,,,,,,,,,,,,,,53.205555555555556,128.35666666666668,86.5,27.936666666666667,90,8
76,0.28545454545454546,,24.5,-111.25545454545454,27.0,371.86090909090905,22.5,,,,582.0,13.0,,1.0,,0.0,,0.3054545454545454,37.50454545454546,0.0,85.0,0.0,72.7,,,,,,,,,,,,,,,,,,56.23727272727273,128.11818181818182,86.5,28.0,90,8
77,0.28,,24.5,-104.26111111111112,27.0,372.11,22.5,,,,582.0,13.0,,1.0,,0.0,,0.2833333333333333,36.18333333333333,0.0,85.0,0.0,72.7,,,,,,,,,,,,,,,,,,49.00888888888889,128.67999999999998,86.5,28.0,90,8
78,0.2927272727272727,,24.5,-77.24272727272727,27.0,374.0872727272727,22.5,,,,582.0,13.0,,1.0,,0.0,,0.08181818181818182,25.04090909090909,0.0,85.0,0.0,72.6,,,,,,,,,,,,,,,,,,54.35909090909092,128.37454545454545,86.5,28.0,90,8
79,0.2911111111111111,,24.5,-139.62333333333333,27.0,369.8355555555556,22.5,,,,582.0,13.0,,1.0,,0.0,,0.43555555555555553,47.26111111111111,0.0,85.0,0.0,72.6,,,,,,,,,,,,,,,,,,59.08222222222222,128.54888888888888,86.5,28.0,90,8
80,0.3054545454545454,,24.5,-137.48363636363635,27.0,369.6781818181818,22.5,,,,582.0,13.0,,1.0,,0.0,,0.3436363636363637,46.654545454545456,0.0,85.0,0.0,72.5,,,,,,,,,,,,,,,,,,53.26,129.39818181818183,86.5,28.0,90,8
81,0.28555555555555556,,24.5,-89.42666666666668,27.0,372.88,22.5,,,,582.0,13.0,,1.0,,0.0,,-0.029999999999999995,29.865555555555552,0.0,85.0,0.0,72.5,,,,,,,,,,,,,,,,,,49.14333333333334,129.29333333333335,86.5,28.0,90,8
82,0.30272727272727273,,24.5,-60.38636363636363,27.0,374.99090909090904,22.5,,,,582.0,13.0,,1.0,,0.0,,0.005454545454545455,19.85818181818182,0.0,85.0,0.0,72.4,,,,,,,,,,,,,,,,,,47.25636363636364,128.36272727272728,86.5,28.0,90,8
83,0.3133333333333333,,24.5,-55.95222222222222,27.0,375.52777777777777,22.485555555555557,,,,582.0,13.0,,1.0,,0.0,,-0.025555555555555554,17.473333333333333,0.0,85.0,0.0,72.4,,,,,,,,,,,,,,,,,,51.51444444444444,126.92999999999999,86.0,28.0,90,8
84,0.28363636363636363,,24.5,-130.23636363636365,27.0,370.57,22.364545454545453,,,,582.0,13.0,,1.0,,0.0,,0.3654545454545454,44.37909090909091,0.0,85.0,0.0,72.4,,,,,,,,,,,,,,,,,,60.308181818181815,126.39909090909092,86.0,28.0,90,8
85,0.28,,24.5,-139.86,27.0,369.53333333333336,22.34,,,,582.0,13.0,,1.0,,0.0,,0.3244444444444444,48.69888888888889,0.0,85.0,0.0,72.3,,,,,,,,,,,,,,,,,,52.89111111111111,127.01444444444444,86.0,28.0,90,8
86,0.28,,24.5,-102.10636363636364,27.0,371.99454545454546,22.34,,,,582.0,13.0,,1.0,,0.0,,0.24818181818181817,35.23636363636364,0.0,85.0,0.0,72.21,,,,,,,,,,,,,,,,,,51.79363636363637,126.96181818181817,86.0,28.0,90,8
87,0.28,,24.5,-116.2622222222222,27.0,371.07222222222225,22.34,,,,582.0,13.0,,1.0,,0.0,,0.26555555555555554,39.638888888888886,0.0,85.0,0.0,72.2,,,,,,,,,,,,,,,,,,56.88111111111111,126.58,86.0,28.0,90,8
88,0.28,,24.5,-144.80363636363634,27.0,368.99636363636364,22.34,,,,582.0,13.0,,1.0,,0.0,,0.4445454545454545,49.76090909090909,0.0,85.0,0.0,72.1,,,,,,,,,,,,,,,,,,57.61545454545455,126.78363636363635,86.0,28.0,90,8
89,0.2977777777777778,,24.5,-151.2,27.0,368.33,22.34,,,,582.0,13.0,,1.0,,0.0,,0.5222222222222223,51.99444444444444,0.0,85.0,0.0,72.1,,,,,,,,,,,,,,,,,,56.86888888888889,127.26777777777778,86.0,28.0,90,8
90,0.32,,24.5,-123.30272727272727,27.0,370.0518181818182,22.34,,,,582.0,13.0,,1.0,,0.0,,0.28454545454545455,42.38636363636363,0.0,85.0,0.0,72.0,,,,,,,,,,,,,,,,,,50.77090909090909,127.73636363636363,85.5,28.0,90,8
91,0.32,,24.5,-57.392222222222216,27.0,374.6511111111111,22.34,,,,582.0,13.0,,1.0,,0.0,,-0.035555555555555556,18.51111111111111,0.0,85.0,0.0,72.0,,,,,,,,,,,,,,,,,,48.196666666666665,127.05555555555556,85.5,28.38888888888889,90,8
92,0.32,,24.5,-85.23272727272727,27.227272727272727,372.97181818181815,22.34,,,,582.0,13.0,,1.0,,0.0,,0.13818181818181818,28.78727272727273,0.0,85.0,0.0,71.9,,,,,,,,,,,,,,,,,,53.631818181818176,126.15727272727273,85.5,29.0,90,8
93,0.32,,24.5,-109.97333333333333,28.0,371.2611111111111,22.34,,,,582.0,13.0,,1.0,,0.0,,0.27666666666666667,38.09,0.0,85.0,0.0,71.9,,,,,,,,,,,,,,,,,,52.51555555555555,126.11,85.5,29.0,90,8
94,0.2981818181818182,,24.5,-70.75363636363636,28.0,373.83272727272725,22.34,,,,582.0,13.0,,1.0,,0.0,,0.034545454545454546,24.224545454545456,0.0,85.0,0.0,71.86,,,,,,,,,,,,,,,,,,45.97909090909091,126.1009090909091,85.5,29.0,90,8
95,0.28,,24.5,-35.99,28.0,376.3522222222222,22.34,,,,582.0,12.953333333333333,,1.0,,0.0,,-0.09666666666666666,11.038888888888888,0.0,85.0,0.0,71.8,,,,,,,,,,,,,,,,,,43.83666666666667,125.25222222222222,85.5,29.0,90,8
96,0.28,,24.5,-29.00181818181818,28.0,377.1136363636364,22.34,,,,582.0,12.57909090909091,,1.0,,0.0,,-0.16272727272727272,8.389999999999999,0.0,85.0,0.0,71.8,,,,,,,,,,,,,,,,,,43.85818181818182,124.05545454545454,85.5,29.0,90,8
97,0.28,,24.5,-30.354444444444443,28.0,377.2033333333333,22.34,,,,582.0,12.5,,1.0,,0.0,,-0.10555555555555556,9.007777777777777,0.0,85.0,0.0,71.8,,,,,,,,,,,,,,,,,,44.20222222222222,122.91666666666667,85.5,29.0,90,8
98,0.28,,24.5,-30.612727272727273,28.0,377.36454545454546,22.34,,,,582.0,12.5,,1.0,,0.0,,-0.20545454545454545,9.110000000000001,0.0,85.0,0.0,71.8,,,,,,,,,,,,,,,,,,44.190909090909095,121.94818181818182,85.5,29.0,90,8
99,0.28,,24.5,-30.165555555555557,28.0,377.52555555555557,22.34,,,,582.0,12.5,,1.0,,0.0,,-0.1988888888888889,9.158888888888889,0.0,85.0,0.0,71.8,,,,,,,,,,,,,,,,,,43.98444444444445,121.07222222222224,85.5,29.0,90,8
100,0.28,,24.5,-20.528181818181817,28.0,378.28999999999996,22.34,,,,582.0,12.5,,1.0,,0.0,,-0.24636363636363637,5.75,0.0,85.0,0.0,71.8,,,,,,,,,,,,,,,,,,40.947272727272725,120.2609090909091,85.5,29.0,90,8
101,0.26222222222222225,,24.5,-25.79222222222222,28.0,378.13111111111107,22.34,,,,582.0,12.5,,1.0,,0.0,,-0.24333333333333332,7.032222222222222,0.0,85.0,0.0,71.8,,,,,,,,,,,,,,,,,,47.23555555555556,119.33222222222223,85.5,29.0,90,8
102,0.23999999999999996,,24.5,-94.67818181818183,28.0,373.5190909090909,22.34,,,,582.0,12.5,,1.0,,0.0,,0.22999999999999998,32.86636363636364,0.0,85.0,0.0,71.7,,,,,,,,,,,,,,,,,,58.47727272727273,119.44181818181818,85.5,29.0,90,8
103,0.24000000000000002,,24.5,-177.08888888888887,28.0,367.5811111111111,22.34,,,,582.0,12.5,,1.0,,0.0,,0.69,63.547777777777775,0.0,85.0,0.0,71.7,,,,,,,,,,,,,,,,,,62.30555555555556,121.58111111111111,85.5,29.0,90,8
104,0.26545454545454544,,24.5,-180.22454545454545,28.0,366.8263636363636,22.34,,,,582.0,12.5,,1.0,,0.0,,0.67,63.46272727272728,0.0,85.0,0.0,71.6,,,,,,,,,,,,,,,,,,60.17090909090909,124.62909090909092,85.0,29.0,90,8
105,0.28,,24.5,-132.26777777777778,28.0,369.67333333333335,22.34,,,,582.0,12.5,,1.0,,0.0,,0.41555555555555557,45.941111111111105,0.0,85.0,0.0,71.5,,,,,,,,,,,,,,,,,,48.644444444444446,127.29444444444445,85.0,29.0,90,8
106,0.28,,24.5,-35.834545454545456,28.0,376.3236363636364,22.34,,,,582.0,12.5,,1.0,,0.0,,-0.21909090909090911,11.042727272727273,0.0,85.0,0.0,71.5,,,,,,,,,,,,,,,,,,39.04818181818182,127.90272727272728,85.0,29.0,90,8
107,0.28,,24.5,-14.026666666666667,28.0,378.18888888888887,22.34,,,,582.0,12.5,,1.0,,0.0,,-0.3711111111111111,2.74,0.0,85.0,0.0,71.5,,,,,,,,,,,,,,,,,,38.39333333333334,127.18555555555557,85.0,29.0,90,8
108,0.28272727272727277,,24.5,-13.600909090909092,28.0,378.5072727272727,22.34,,,,582.0,12.5,,1.0,,0.0,,-0.3718181818181818,2.3954545454545455,0.0,85.0,0.0,71.5,,,,,,,,,,,,,,,,,,38.20545454545454,126.3690909090909,85.0,29.0,90,8
109,0.30777777777777776,,24.5,-13.038888888888888,28.0,378.7522222222222,22.34,,,,582.0,12.5,,1.0,,0.0,,-0.31777777777777777,2.4744444444444444,0.0,85.0,0.0,71.5,,,,,,,,,,,,,,,,,,38.212222222222216,125.56333333333333,85.0,29.0,90,8
110,0.32,,24.5,-12.951818181818181,28.0,378.9472727272727,22.34,,,,582.0,12.5,,1.0,,0.0,,-0.32636363636363636,2.409090909090909,0.0,85.0,0.0,71.4,,,,,,,,,,,,,,,,,,38.126363636363635,124.81545454545454,85.0,29.0,90,8
111,0.32,,24.5,-13.507777777777777,28.0,379.07,22.34,,,,582.0,12.5,,1.0,,0.0,,-0.31222222222222223,2.5555555555555554,0.0,85.0,0.0,71.4,,,,,,,,,,,,,,,,,,38.30555555555556,123.97666666666666,85.0,29.0,90,8
112,0.32,,24.5,-12.884545454545453,28.0,379.22818181818184,22.34,,,,582.0,12.5,,1.0,,0.0,,-0.29454545454545455,2.3836363636363633,0.0,85.0,0.0,71.4,,,,,,,,,,,,,,,,,,37.151818181818186,123.28909090909092,85.0,29.0,90,8
113,0.32,,24.5,-7.359999999999999,28.0,379.71777777777777,22.34,,,,582.0,12.5,,1.0,,0.0,,-0.31,0.46888888888888886,0.0,85.0,0.0,71.4,,,,,,,,,,,,,,,,,,32.83444444444444,122.53,85.0,28.667777777777776,90,8
114,0.32,,24.5,-6.874545454545455,28.0,379.91818181818184,22.34,,,,582.0,12.5,,1.0,,0.0,,-0.31,0.5045454545454545,0.0,85.0,0.0,71.4,,,,,,,,,,,,,,,,,,32.08,121.75090909090909,85.0,28.0,90,8
115,0.32,,24.5,6.066666666666666,28.0,380.9122222222222,22.34,,,,582.0,12.5,,1.0,,4.906666666666666,,-0.4466666666666666,-3.6355555555555554,0.0,85.0,0.0,71.4,,,,,,,,,,,,,,,,,,25.98,120.72555555555556,85.0,28.0,90,8
116,0.32,,24.5,1.160909090909091,27.55454545454546,380.78363636363633,22.34,,,,582.0,12.5,,1.0,,1.0036363636363637,,-0.3918181818181818,-1.3590909090909091,0.0,85.0,0.0,71.4,,,,,,,,,,,,,,,,,,28.983636363636364,119.53636363636365,85.0,28.0,90,8
117,0.32,,24.5,-1.6522222222222223,27.0,380.7255555555555,22.323333333333334,,,,582.0,12.5,,1.0,,0.0,,-0.29666666666666663,0.0,0.0,85.0,0.0,71.4,,,,,,,,,,,,,,,,,,29.78111111111111,118.55222222222223,85.0,28.0,90,8
118,0.32,,24.5,-1.6072727272727272,27.0,380.8481818181818,22.19636363636364,,,,582.0,12.5,,1.0,,0.0,,-0.4063636363636363,0.0,0.0,85.0,0.0,71.4,,,,,,,,,,,,,,,,,,29.678181818181816,117.6190909090909,85.0,28.0,90,8
119,0.32,,24.5,-1.3688888888888888,27.0,380.97444444444443,22.17,,,,582.0,12.5,,1.0,,0.0,,-0.36333333333333334,-0.24777777777777776,0.0,85.0,0.0,71.4,,,,,,,,,,,,,,,,,,29.46111111111111,116.58333333333333,85.0,28.0,90,8
120,0.32,,24.5,-0.7836363636363637,27.0,381.1472727272727,22.19090909090909,,,,582.0,12.5,,1.0,,0.0,,-0.28545454545454546,-0.3845454545454546,0.0,85.0,0.0,71.4,,,,,,,,,,,,,,,,,,29.213636363636365,115.70727272727272,85.0,28.0,90,8
121,0.32,,24.5,-0.3622222222222222,27.0,381.27000000000004,22.317777777777778,,,,582.0,12.5,,1.0,,0.0,,-0.35777777777777775,-0.5555555555555556,0.0,85.0,0.0,71.4,,,,,,,,,,,,,,,,,,28.93333333333333,114.80444444444444,85.0,28.0,90,8
122,0.32,,24.5,-0.8645454545454545,27.0,381.3363636363636,22.34,,,,582.0,12.5,,1.0,,0.0,,-0.33090909090909093,-0.29363636363636364,0.0,85.0,0.0,71.4,,,,,,,,,,,,,,,,,,29.885454545454547,113.91999999999999,85.0,28.0,90,8
123,0.32,,24.5,-3.121111111111111,27.0,381.3,22.34,,,,582.0,12.5,,1.0,,0.0,,-0.34777777777777774,0.0,0.0,85.0,0.0,71.4,,,,,,,,,,,,,,,,,,32.45333333333333,113.11777777777779,85.0,28.0,90,8
124,0.32,,24.5,-3.666363636363636,27.0,381.3181818181818,22.34,,,,582.0,12.5,,1.0,,0.0,,-0.2918181818181818,0.0,0.0,85.0,0.0,71.4,,,,,,,,,,,,,,,,,,32.91272727272727,112.36727272727272,85.0,28.0,90,8
125,0.32,,24.5,-3.5233333333333334,27.0,381.39666666666665,22.34,,,,582.0,12.5,,1.0,,0.0,,-0.31777777777777777,0.0,0.0,85.0,0.0,71.4,,,,,,,,,,,,,,,,,,33.01444444444444,111.60666666666667,85.0,28.0,90,8
126,0.30000000000000004,,24.5,-3.89,27.0,381.47727272727275,22.34,,,,582.0,12.5,,1.0,,0.0,,-0.3245454545454545,0.2427272727272727,0.0,85.0,0.0,71.4,,,,,,,,,,,,,,,,,,33.82636363636364,110.88272727272728,85.0,28.0,90,8
127,0.28,,24.5,-13.252222222222223,27.0,380.9055555555555,22.34,,,,582.0,12.5,,1.0,,0.0,,-0.2466666666666667,3.3455555555555554,0.0,85.0,0.0,71.4,,,,,,,,,,,,,,,,,,39.20444444444444,110.22777777777777,85.0,28.0,90,8
128,0.28,,24.5,-17.744545454545456,27.0,380.65909090909093,22.34,,,,582.0,12.44090909090909,,1.0,,0.0,,-0.2290909090909091,5.126363636363636,0.0,85.0,0.0,71.4,,,,,,,,,,,,,,,,,,41.68181818181818,109.71,85.0,28.0,90,8
129,0.28,,24.5,-29.989999999999995,27.0,379.81111111111113,22.34,,,,582.0,12.066666666666666,,1.0,,0.0,,-0.10444444444444445,10.336666666666666,0.0,85.0,0.0,71.4,,,,,,,,,,,,,,,,,,44.68888888888889,109.36666666666666,85.0,28.0,90,8
130,0.2690909090909091,,24.5,-31.23818181818182,27.0,379.68636363636364,22.34,,,,582.0,12.0,,1.0,,0.0,,-0.10454545454545455,11.22090909090909,0.0,85.0,0.0,71.4,,,,,,,,,,,,,,,,,,43.52727272727273,109.19272727272727,85.0,28.0,90,8
131,0.24000000000000002,,24.5,-14.036666666666667,27.0,380.86777777777775,22.34,,,,582.0,12.0,,1.0,,0.0,,-0.22666666666666668,4.102222222222222,0.0,85.0,0.0,71.4,,,,,,,,,,,,,,,,,,37.97333333333333,108.71777777777778,85.0,28.0,90,8
132,0.2690909090909091,,24.5,2.071818181818182,27.0,381.99727272727273,22.34,,,,582.0,12.0,,1.0,,0.0,,-0.32,-2.0454545454545454,0.0,85.0,0.0,71.4,,,,,,,,,,,,,,,,,,27.436363636363637,107.83727272727273,85.0,28.0,90,8
133,0.28,,24.5,22.538888888888888,27.0,383.5988888888889,22.34,,,,582.0,12.0,,1.0,,0.0,,-0.5355555555555556,-11.514444444444443,0.0,85.0,0.0,71.4,,,,,,,,,,,,,,,,,,21.811111111111114,106.08111111111111,85.0,28.0,90,8
134,0.28,,24.5,-1.3118181818181818,27.0,382.1363636363636,22.34,,,,582.0,12.0,,1.0,,0.0,,-0.2381818181818182,-0.739090909090909,0.0,85.0,0.0,71.4,,,,,,,,,,,,,,,,,,32.377272727272725,104.54454545454546,85.0,28.0,90,8
135,0.28,,24.5,-8.577777777777778,27.0,381.7033333333333,22.34,,,,582.0,12.0,,1.0,,0.0,,-0.1788888888888889,2.318888888888889,0.0,85.0,0.0,71.4,,,,,,,,,,,,,,,,,,37.52,103.34777777777778,85.0,28.0,90,8
136,0.3090909090909091,,24.5,-13.72909090909091,27.0,381.3481818181818,22.34,,,,582.0,12.0,,1.0,,0.0,,-0.12636363636363637,4.165454545454545,0.0,85.0,0.0,71.4,,,,,,,,,,,,,,,,,,39.48636363636364,102.2218181818182,85.0,28.0,90,8
137,0.32,,24.5,-8.393333333333334,27.0,381.7555555555556,22.34,,,,582.0,12.0,,1.0,,0.0,,-0.19333333333333333,1.6666666666666667,0.0,85.0,0.0,71.4,,,,,,,,,,,,,,,,,,34.52111111111111,101.19222222222223,85.0,28.0,90,8
138,0.32272727272727275,,24.5,-8.03,27.0,381.84909090909093,22.34,,,,582.0,12.0,,1.0,,0.0,,-0.18727272727272729,1.6363636363636365,0.0,85.0,0.0,71.4,,,,,,,,,,,,,,,,,,35.836363636363636,99.85909090909091,85.0,28.0,90,8
139,0.34111111111111114,,24.5,-17.40222222222222,27.0,381.2388888888889,22.34,,,,582.0,12.0,,1.0,,0.0,,-0.09333333333333332,4.764444444444445,0.0,85.0,0.0,71.4,,,,,,,,,,,,,,,,,,44.544444444444444,98.63222222222223,85.0,28.0,90,8
140,0.35818181818181816,,24.5,-206.16363636363639,27.0,368.5527272727273,22.34,,,,582.0,12.0,,1.0,,0.0,,1.288181818181818,87.57818181818182,0.0,85.0,0.0,71.3,,,,,,,,,,,,,,,,,,76.10818181818182,100.02363636363636,85.0,28.0,90,8
141,0.36,,24.5,-268.8277777777778,27.0,363.08444444444444,22.34,,,,582.0,12.0,,1.0,,0.0,,1.6111111111111112,111.53555555555555,0.0,85.0,0.0,71.2,,,,,,,,,,,,,,,,,,80.25111111111111,105.14666666666668,84.5,28.0,90,8
142,0.36,,24.5,-263.79727272727274,27.0,362.58818181818185,22.34,,,,582.0,12.0,,1.0,,0.0,,1.5199999999999998,104.06545454545454,0.0,85.0,0.0,71.1,,,,,,,,,,,,,,,,,,80.32727272727273,110.2790909090909,84.5,28.0,90,8
143,0.36,,24.5,-249.66777777777781,27.0,362.8488888888889,22.34,,,,582.0,12.0,,1.0,,0.0,,1.318888888888889,95.50888888888889,0.0,85.0,0.0,71.0,,,,,,,,,,,,,,,,,,67.55666666666667,114.72333333333333,84.5,28.0,90,8
144,0.3890909090909091,,24.5,-106.40636363636364,27.0,371.87636363636364,22.319090909090907,,,,582.0,12.0,,1.0,,0.0,,0.31636363636363635,40.11727272727273,0.0,85.0,0.0,70.9,,,,,,,,,,,,,,,,,,42.548181818181824,117.36181818181818,84.5,28.0,90,8
145,0.39555555555555555,,24.5,-20.616666666666667,27.0,378.1233333333333,22.192222222222224,,,,582.0,12.0,,1.0,,0.0,,-0.2611111111111111,5.656666666666666,0.0,85.0,0.0,70.9,,,,,,,,,,,,,,,,,,32.51555555555555,116.94777777777777,84.0,28.0,90,8
146,0.36,,24.5,-5.447272727272727,27.0,379.5363636363636,22.17,,,,582.0,12.0,,1.0,,0.0,,-0.4163636363636364,-0.01636363636363636,0.0,85.0,0.0,70.9,,,,,,,,,,,,,,,,,,30.652727272727272,115.63000000000001,84.0,28.0,90,8
147,0.36,,24.5,14.629999999999999,27.0,381.16333333333336,22.17,,,,582.0,12.0,,1.0,,0.0,,-0.44222222222222224,-6.9,0.0,85.0,0.0,70.9,,,,,,,,,,,,,,,,,,20.93,114.07555555555557,84.0,28.0,90,8
148,0.36,,24.5,37.483636363636364,27.0,383.1290909090909,22.17,,,,582.0,12.0,,1.0,,0.0,,-0.64,-17.243636363636366,0.0,85.0,0.0,70.9,,,,,,,,,,,,,,,,,,17.21181818181818,111.83818181818182,84.0,28.0,90,8
149,0.35111111111111115,,24.5,37.376666666666665,27.0,383.44666666666666,22.17,,,,582.0,12.0,,1.0,,0.0,,-0.6222222222222222,-16.702222222222222,0.0,85.0,0.0,70.9,,,,,,,,,,,,,,,,,,15.622222222222222,109.65555555555555,84.0,28.0,90,8
150,0.32727272727272727,,24.5,115.41909090909093,27.0,389.0009090909091,22.17,,,,582.0,12.0,,1.0,,0.0,,-1.3118181818181818,-54.98181818181818,0.6363636363636364,85.0,0.0,70.9,,,,,,,,,,,,,,,,,,0.0,106.38272727272728,84.0,28.0,90,8
151,0.32,,24.5,102.27888888888889,27.0,388.98333333333335,22.17,,,,582.0,12.0,,1.0,,0.0,,-1.1566666666666667,-52.303333333333335,1.0,85.0,0.0,71.0,,,,,,,,,,,,,,,,,,7.388888888888889,101.5611111111111,84.0,28.0,90,8
152,0.32545454545454544,,24.5,49.88636363636363,27.0,385.64818181818185,22.17,,,,582.0,12.0,,1.0,,0.0,,-0.7718181818181818,-25.69909090909091,0.09090909090909091,85.0,0.0,71.0,,,,,,,,,,,,,,,,,,15.21,98.55363636363636,84.5,28.0,90,8
153,0.3422222222222222,,24.5,43.96666666666667,27.0,385.4266666666667,22.17,,,,582.0,12.0,,1.0,,4.906666666666666,,-0.7022222222222223,-23.295555555555556,0.0,85.0,0.0,71.0,,,,,,,,,,,,,,,,,,16.257777777777775,96.36333333333333,84.5,28.0,90,8
154,0.32,,24.5,31.466363636363635,27.0,384.7136363636364,22.17,,,,582.0,12.0,,1.0,,1.0036363636363637,,-0.5990909090909091,-17.095454545454547,0.0,85.0,0.0,71.0,,,,,,,,,,,,,,,,,,19.88090909090909,94.51818181818182,84.5,28.0,90,8
155,0.32,,24.5,27.503333333333334,27.0,384.5477777777778,22.17,,,,582.0,12.0,,1.0,,4.906666666666666,,-0.5033333333333334,-15.222222222222221,0.0,85.0,0.0,71.1,,,,,,,,,,,,,,,,,,20.65,93.02333333333334,84.5,28.0,90,8
156,0.32,,24.5,27.507272727272724,27.0,384.66636363636366,22.17,,,,582.0,12.0,,1.0,,1.0036363636363637,,-0.5227272727272727,-15.68,0.0,85.0,0.0,71.1,,,,,,,,,,,,,,,,,,20.594545454545454,91.64999999999999,84.5,28.0,90,8
157,0.32,,24.5,19.215555555555554,27.0,384.2033333333333,22.17,,,,582.0,12.0,,1.0,,0.0,,-0.4566666666666667,-11.5,0.0,85.0,0.0,71.1,,,,,,,,,,,,,,,,,,23.552222222222223,90.51333333333334,84.5,28.0,90,8
158,0.32,,24.5,6.262727272727273,27.0,383.41727272727275,22.17,,,,582.0,12.0,,1.0,,0.0,,-0.3172727272727273,-4.863636363636363,0.0,85.0,0.0,71.1,,,,,,,,,,,,,,,,,,27.14545454545454,89.84363636363636,84.5,28.0,90,8
159,0.32,,24.5,-0.8544444444444443,27.0,382.9133333333333,22.17,,,,582.0,11.953333333333333,,1.0,,0.0,,-0.2122222222222222,-0.16666666666666666,0.0,85.0,0.0,71.1,,,,,,,,,,,,,,,,,,30.52333333333333,89.5411111111111,84.5,28.0,90,8
160,0.32,,24.5,-5.765454545454546,27.0,382.5918181818182,22.17,,,,582.0,11.57909090909091,,1.0,,0.0,,-0.1781818181818182,1.7272727272727273,0.0,85.0,0.0,71.1,,,,,,,,,,,,,,,,,,34.56272727272727,89.54818181818182,84.5,28.0,90,8
161,0.32,,24.5,-3.393333333333333,27.0,382.68333333333334,22.17,,,,582.0,11.5,,1.0,,0.0,,-0.22444444444444445,0.15222222222222218,0.0,85.0,0.0,71.1,,,,,,,,,,,,,,,,,,30.522222222222222,89.68666666666667,84.5,28.0,90,8
162,0.32,,24.5,-2.3490909090909087,27.0,382.9263636363636,22.17,,,,582.0,11.5,,1.0,,0.0,,-0.2509090909090909,-1.1372727272727272,0.0,85.0,0.0,71.1,,,,,,,,,,,,,,,,,,38.3890909090909,89.38090909090909,84.5,28.0,90,8
163,0.32,,24.5,-68.02444444444444,27.0,378.5433333333333,22.17,,,,582.0,11.5,,1.0,,0.0,,0.3022222222222222,30.952222222222222,0.0,85.0,0.0,71.1,,,,,,,,,,,,,,,,,,54.16111111111111,90.10111111111111,84.5,28.0,90,8
164,0.32,,24.5,-156.03727272727272,27.0,372.08,22.17,,,,582.0,11.5,,1.0,,0.0,,1.038181818181818,73.15090909090908,0.0,85.0,0.0,71.0,,,,,,,,,,,,,,,,,,55.58363636363636,93.63272727272728,84.5,28.0,90,8
165,0.32,,24.5,-76.18555555555555,27.0,376.65444444444444,22.17,,,,582.0,11.5,,1.0,,0.0,,0.3055555555555556,35.22888888888889,0.0,85.0,0.0,70.9,,,,,,,,,,,,,,,,,,42.62555555555556,97.38555555555556,84.5,28.0,90,8
166,0.32,,24.5,-20.251818181818184,27.0,380.6236363636363,22.17,,,,582.0,11.5,,1.0,,0.0,,-0.07090909090909091,7.699090909090909,0.0,85.0,0.0,70.9,,,,,,,,,,,,,,,,,,39.059090909090905,98.16181818181818,84.0,28.0,90,8
167,0.32,,24.5,-12.736666666666666,27.0,381.31777777777774,22.17,,,,582.0,11.5,,1.0,,4.906666666666666,,-0.18222222222222223,3.7222222222222223,0.0,85.0,0.0,70.9,,,,,,,,,,,,,,,,,,38.81333333333333,98.23555555555555,84.0,28.0,90,8
168,0.32,,24.5,-11.437272727272727,27.0,381.49636363636364,22.17,,,,582.0,11.5,,1.0,,1.0036363636363637,,-0.1781818181818182,3.1536363636363633,0.0,85.0,0.0,70.9,,,,,,,,,,,,,,,,,,37.698181818181816,98.2009090909091,84.0,28.0,90,8
169,0.32,,24.5,-11.016666666666667,27.0,381.6077777777778,22.17,,,,582.0,11.5,,1.0,,0.0,,-0.1411111111111111,2.9444444444444446,0.0,85.0,0.0,70.9,,,,,,,,,,,,,,,,,,37.26777777777777,97.99777777777778,84.0,28.0,90,8
170,0.32,,24.486363636363638,-5.863636363636363,27.0,382.03818181818184,22.17,,,,582.0,11.5,,1.0,,0.0,,-0.19636363636363638,0.7727272727272727,0.0,85.0,0.0,70.9,,,,,,,,,,,,,,,,,,31.85636363636364,97.65636363636364,84.0,28.0,90,8
171,0.32,,24.155555555555555,-1.4055555555555557,27.0,382.41777777777776,22.17,,,,582.0,11.5,,1.0,,0.0,,-0.23777777777777778,-0.5,0.0,85.0,0.0,70.9,,,,,,,,,,,,,,,,,,28.692222222222224,97.07111111111111,84.0,28.0,90,8
172,0.32,,24.0,-0.9445454545454546,27.0,382.5,22.17,,,,582.0,11.5,,1.0,,0.0,,-0.2127272727272727,-0.5672727272727273,0.0,85.0,0.0,70.9,,,,,,,,,,,,,,,,,,28.55,96.33818181818182,84.0,28.0,90,8
173,0.32,,24.0,-1.401111111111111,27.0,382.59222222222223,22.17,,,,582.0,11.5,,1.0,,0.0,,-0.23111111111111113,0.0,0.0,85.0,0.0,70.9,,,,,,,,,,,,,,,,,,28.93777777777778,95.57555555555557,84.0,28.0,90,8
174,0.32,,24.0,-1.4027272727272726,27.0,382.64818181818185,22.17,,,,582.0,11.5,,1.0,,0.0,,-0.21727272727272728,0.0,0.0,85.0,0.0,70.9,,,,,,,,,,,,,,,,,,28.89,94.68,84.0,28.0,90,8
175,0.32,,24.0,7.565555555555556,27.0,383.2933333333333,22.154444444444447,,,,582.0,11.5,,1.0,,0.0,,-0.2733333333333333,-4.861111111111111,0.0,85.0,0.0,70.9,,,,,,,,,,,,,,,,,,26.04222222222222,93.63000000000001,84.0,28.0,90,8
176,0.32,,24.0,28.64909090909091,27.0,384.82727272727277,22.028181818181817,,,,582.0,11.5,,1.0,,0.0,,-0.5481818181818182,-15.881818181818181,0.0,85.0,0.0,70.9,,,,,,,,,,,,,,,,,,19.490909090909092,91.94363636363636,84.0,28.0,90,8
177,0.32,,24.0,29.70111111111111,27.0,385.1355555555555,22.0,,,,582.0,11.5,,1.0,,0.0,,-0.5511111111111111,-17.114444444444445,0.0,85.0,0.0,70.9,,,,,,,,,,,,,,,,,,20.713333333333335,89.62888888888888,84.0,28.0,90,8
178,0.3190909090909091,,24.0,15.535454545454543,27.0,384.31545454545454,22.0,,,,582.0,11.5,,1.0,,0.0,,-0.3418181818181818,-9.378181818181817,0.0,85.0,0.0,70.9,,,,,,,,,,,,,,,,,,24.689090909090908,87.87818181818183,84.0,28.0,90,8
179,0.3088888888888889,,24.0,10.96888888888889,27.0,384.0477777777778,22.0,,,,582.0,11.5,,1.0,,0.0,,-0.31444444444444447,-6.912222222222223,0.0,85.0,0.0,70.94,,,,,,,,,,,,,,,,,,25.814444444444444,86.50555555555555,84.0,28.0,90,8
180,0.29636363636363633,,24.0,9.794545454545455,27.0,384.02727272727276,22.0,,,,582.0,11.5,,1.0,,0.0,,-0.28,-6.56,0.0,85.0,0.0,71.0,,,,,,,,,,,,,,,,,,26.5,85.11636363636363,84.0,28.0,90,8
181,0.28555555555555556,,24.0,-1.0533333333333335,27.0,383.32222222222225,22.0,,,,582.0,11.5,,1.0,,0.0,,-0.16333333333333333,0.0,0.0,85.0,0.0,71.0,,,,,,,,,,,,,,,,,,30.353333333333335,84.02888888888889,84.0,28.0,90,8
182,0.28,,24.0,-2.388181818181818,27.0,383.2336363636363,21.981818181818184,,,,582.0,11.5,,1.0,,0.0,,-0.19727272727272727,0.053636363636363635,0.0,85.0,0.0,71.0,,,,,,,,,,,,,,,,,,32.23090909090909,83.1209090909091,84.0,28.0,90,8
183,0.28,,24.0,-2.5033333333333334,27.0,383.20444444444445,21.86,,,,582.0,11.5,,1.0,,0.0,,-0.15555555555555556,0.0,0.0,85.0,0.0,71.0,,,,,,,,,,,,,,,,,,32.404444444444444,82.21666666666667,84.0,28.0,90,8
184,0.28545454545454546,,24.0,-4.8999999999999995,27.0,383.1181818181818,21.84,,,,582.0,11.5,,1.0,,0.0,,-0.10272727272727274,1.419090909090909,0.0,85.0,0.0,71.0,,,,,,,,,,,,,,,,,,33.551818181818184,81.44,84.0,28.0,90,8
185,0.30888888888888894,,23.995555555555555,-7.378888888888889,27.0,382.9511111111111,21.84,,,,582.0,11.5,,1.0,,0.0,,-0.08777777777777779,2.17,0.0,85.0,0.0,71.0,,,,,,,,,,,,,,,,,,34.245555555555555,80.75,84.0,28.0,90,8
186,0.28,,23.683636363636364,-10.732727272727272,27.0,382.70363636363635,21.84,,,,582.0,11.5,,1.0,,0.0,,-0.031818181818181815,4.281818181818182,0.0,85.0,0.0,70.9,,,,,,,,,,,,,,,,,,37.9,80.12181818181818,84.0,28.0,90,8
187,0.28,,23.83555555555556,-14.996666666666666,27.0,382.3988888888889,21.84,,,,582.0,11.5,,1.0,,0.0,,0.004444444444444447,6.981111111111111,0.0,85.0,0.0,70.9,,,,,,,,,,,,,,,,,,41.57333333333334,79.69555555555556,84.0,28.0,90,8
188,0.28,,24.0,-32.82181818181818,27.0,381.1827272727273,21.84,,,,582.0,11.5,,1.0,,0.0,,0.16545454545454547,17.02090909090909,0.0,85.0,0.0,70.9,,,,,,,,,,,,,,,,,,48.059090909090905,79.65636363636364,84.0,28.0,90,8
189,0.28,,24.0,-59.01222222222222,27.0,379.2677777777778,21.84,,,,582.0,11.5,,1.0,,0.0,,0.38,32.46111111111111,0.0,85.0,0.0,70.9,,,,,,,,,,,,,,,,,,49.55888888888889,80.49111111111111,84.0,28.0,90,8
190,0.28,,24.0,-85.2209090909091,27.0,377.35181818181815,21.84,,,,582.0,11.44090909090909,,1.0,,0.0,,0.620909090909091,45.408181818181816,0.0,85.0,0.0,70.9,,,,,,,,,,,,,,,,,,53.50909090909091,82.00454545454545,84.0,28.0,90,8
191,0.28,,24.0,-198.52444444444444,27.0,369.4177777777778,21.84,,,,582.0,11.066666666666666,,1.0,,4.906666666666666,,1.6066666666666667,101.34777777777778,0.0,85.0,0.0,70.81,,,,,,,,,,,,,,,,,,62.89555555555556,85.66555555555556,84.0,28.0,90,8
192,0.28,,24.0,-222.07818181818183,27.0,366.9136363636364,21.84,,,,582.0,11.0,,1.0,,1.0036363636363637,,1.6409090909090909,106.5090909090909,0.0,85.0,0.0,70.7,,,,,,,,,,,,,,,,,,62.699090909090906,91.47454545454546,84.0,28.0,90,8
193,0.24444444444444446,,24.0,-225.03,27.0,365.99333333333334,21.84,,,,582.0,11.0,,1.0,,0.0,,1.588888888888889,101.47333333333333,0.0,85.0,0.0,70.6,,,,,,,,,,,,,,,,,,62.97666666666666,97.13111111111112,84.0,28.0,90,8
194,0.23999999999999996,,24.0,-218.71727272727273,27.0,365.88454545454545,21.84,,,,582.0,11.0,,1.0,,0.0,,1.4072727272727272,93.73,0.0,85.0,0.0,70.5,,,,,,,,,,,,,,,,,,62.870000000000005,102.13272727272728,83.95,28.0,90,8
195,0.24000000000000002,,24.003333333333334,-187.82777777777778,27.0,367.3411111111111,21.84,,,,582.0,11.0,,1.0,,0.0,,1.0922222222222222,78.48444444444445,0.0,85.0,0.0,70.4,,,,,,,,,,,,,,,,,,54.53,106.62888888888888,83.5,28.0,90,8
196,0.23999999999999996,,24.319999999999997,-47.47090909090909,27.0,376.6318181818182,21.84,,,,582.0,11.0,,1.0,,0.0,,0.03727272727272728,18.400000000000002,0.0,85.0,0.0,70.4,,,,,,,,,,,,,,,,,,42.38454545454545,108.26,83.5,28.0,90,8
197,0.24000000000000002,,24.5,-88.55555555555556,27.0,374.5155555555555,21.84,,,,582.0,11.0,,1.0,,0.0,,0.23333333333333334,33.71,0.0,85.0,0.0,70.4,,,,,,,,,,,,,,,,,,57.12777777777777,108.16,83.5,28.0,90,8
198,0.2509090909090909,,24.5,-152.96818181818182,27.0,369.7418181818182,21.84,,,,582.0,11.0,,1.0,,0.0,,0.7854545454545455,61.00636363636364,0.0,85.0,0.0,70.3,,,,,,,,,,,,,,,,,,54.694545454545455,110.15272727272728,83.5,28.0,90,8
199,0.26222222222222225,,24.5,-78.24222222222221,27.0,374.37666666666667,21.84,,,,582.0,11.0,,1.0,,0.0,,0.22444444444444445,30.47888888888889,0.0,85.0,0.0,70.2,,,,,,,,,,,,,,,,,,47.75666666666667,111.90555555555555,83.5,28.0,90,8
200,0.23999999999999996,,24.5,-85.28,27.0,374.26454545454544,21.84,,,,582.0,11.0,,1.0,,0.0,,0.2009090909090909,31.520000000000003,0.0,85.0,0.0,70.2,,,,,,,,,,,,,,,,,,55.27090909090909,112.21,83.48,28.0,90,8
201,0.24000000000000002,,24.5,-170.96666666666667,27.0,368.35,21.84,,,,582.0,11.0,,1.0,,0.0,,0.7855555555555556,65.28666666666668,0.0,85.0,0.0,70.16,,,,,,,,,,,,,,,,,,59.43777777777778,113.84333333333332,83.0,28.0,90,8
202,0.2618181818181818,,24.5,-136.4,27.0,370.0172727272727,21.84,,,,582.0,11.0,,1.0,,0.0,,0.5645454545454546,51.77363636363636,0.0,85.0,0.0,70.1,,,,,,,,,,,,,,,,,,51.49727272727273,116.25818181818181,83.0,28.0,90,8
203,0.28444444444444444,,24.5,-73.16111111111111,27.0,374.24888888888887,21.84,,,,582.0,11.0,,1.0,,0.0,,0.13666666666666666,26.406666666666666,0.0,85.0,0.0,70.0,,,,,,,,,,,,,,,,,,49.48222222222223,117.30777777777777,83.0,28.0,90,8
204,0.23090909090909092,,24.5,-111.72636363636364,27.0,371.8790909090909,21.84,,,,582.0,11.0,,1.0,,0.0,,0.31272727272727274,40.400909090909096,0.0,85.0,0.0,70.0,,,,,,,,,,,,,,,,,,57.42363636363636,117.92454545454547,83.0,28.0,90,8
205,0.20888888888888887,,24.5,-161.88111111111112,27.0,368.3066666666667,21.84,,,,582.0,11.0,,1.0,,0.0,,0.7144444444444444,58.522222222222226,0.0,85.0,0.0,69.9,,,,,,,,,,,,,,,,,,58.67333333333334,119.76444444444445,83.0,28.0,90,8
206,0.2,,24.5,-116.9209090909091,27.0,370.8372727272727,21.86,,,,582.0,11.0,,1.0,,0.0,,0.26636363636363636,42.70181818181818,0.0,85.0,0.0,69.9,,,,,,,,,,,,,,,,,,49.18181818181818,121.70636363636363,83.0,28.0,90,8
207,0.2,,24.5,-52.18333333333333,27.0,375.2922222222222,21.981111111111108,,,,582.0,11.0,,1.0,,0.0,,0.04,17.465555555555554,0.0,85.0,0.0,69.8,,,,,,,,,,,,,,,,,,45.37444444444444,122.07444444444445,83.0,28.0,90,8
208,0.2,,24.5,-34.99363636363636,27.0,376.71636363636367,22.0,,,,582.0,11.0,,1.0,,0.0,,-0.19636363636363638,10.870909090909091,0.0,85.0,0.0,69.8,,,,,,,,,,,,,,,,,,45.191818181818185,121.59272727272727,82.5,28.0,90,8
209,0.2,,24.5,-52.0,27.0,375.75444444444446,22.0,,,,582.0,11.0,,1.0,,0.0,,-0.06666666666666667,17.124444444444446,0.0,85.0,0.0,69.8,,,,,,,,,,,,,,,,,,47.962222222222216,121.08666666666666,82.5,28.0,90,8
210,0.2,,24.5,-57.96545454545455,27.0,375.3736363636363,22.0,,,,582.0,11.0,,1.0,,0.0,,-0.009999999999999998,19.706363636363637,0.0,85.0,0.0,69.8,,,,,,,,,,,,,,,,,,48.10636363636363,120.99181818181819,82.5,28.0,90,8
211,0.2,,24.5,-60.47333333333333,27.0,375.2277777777778,22.0,,,,582.0,11.0,,1.0,,4.906666666666666,,-0.012222222222222223,20.58555555555556,0.0,85.0,0.0,69.7,,,,,,,,,,,,,,,,,,48.93555555555555,121.0311111111111,82.5,28.0,90,8
212,0.2,,24.5,-83.97545454545455,27.0,373.65,22.0,,,,582.0,11.0,,1.0,,1.0036363636363637,,0.1918181818181818,29.24818181818182,0.0,85.0,0.0,69.7,,,,,,,,,,,,,,,,,,51.26909090909091,121.37363636363635,82.5,28.0,90,8
213,0.2,,24.5,-84.71555555555555,27.0,373.4288888888889,22.0,,,,582.0,11.0,,1.0,,0.0,,0.29333333333333333,30.085555555555555,0.0,85.0,0.0,69.7,,,,,,,,,,,,,,,,,,49.09444444444445,122.14888888888888,82.5,28.0,90,8
214,0.16,,24.5,-44.07818181818182,27.0,376.0627272727272,22.0,,,,582.0,11.0,,1.0,,0.0,,-0.06818181818181818,14.807272727272727,0.0,85.0,0.0,69.6,,,,,,,,,,,,,,,,,,42.981818181818184,122.41454545454545,82.5,28.0,90,8
215,0.16,,24.5,-21.974444444444444,27.0,377.8044444444444,22.0,,,,582.0,11.0,,1.0,,0.0,,-0.15333333333333335,6.171111111111111,0.0,85.0,0.0,69.6,,,,,,,,,,,,,,,,,,41.86888888888889,121.85888888888888,82.5,28.0,90,8
216,0.16,,24.5,-24.771818181818183,27.0,377.85727272727274,22.0,,,,582.0,11.0,,1.0,,0.0,,-0.1990909090909091,6.412727272727272,0.0,85.0,0.0,69.6,,,,,,,,,,,,,,,,,,45.10363636363636,121.16272727272727,82.5,28.0,90,8
217,0.16,,24.5,-70.52222222222223,27.0,374.8522222222222,22.0,,,,582.0,11.0,,1.0,,0.0,,0.07,23.5,0.0,85.0,0.0,69.6,,,,,,,,,,,,,,,,,,53.59888888888889,121.13666666666667,82.5,28.0,90,8
218,0.16,,24.5,-97.10727272727273,27.0,372.82545454545453,22.0,,,,582.0,11.0,,1.0,,0.0,,0.18999999999999997,34.63727272727272,0.0,85.0,0.0,69.6,,,,,,,,,,,,,,,,,,50.48,122.02363636363636,82.5,28.0,90,8
219,0.16,,24.5,-53.50555555555556,27.0,375.6,22.0,,,,582.0,11.0,,1.0,,0.0,,-0.033333333333333326,17.88888888888889,0.0,85.0,0.0,69.5,,,,,,,,,,,,,,,,,,46.62222222222223,122.70222222222222,82.5,28.0,90,8
220,0.16,,24.5,-79.76454545454546,27.0,373.9209090909091,22.0,,,,582.0,11.0,,1.0,,0.0,,0.11818181818181818,27.067272727272726,0.0,85.0,0.0,69.5,,,,,,,,,,,,,,,,,,53.95363636363636,122.93636363636364,82.5,28.0,90,8
221,0.16,,24.5,-103.81555555555556,27.0,372.1277777777778,22.0,,,,582.0,11.0,,1.0,,0.0,,0.2466666666666667,36.58444444444444,0.0,85.0,0.0,69.46,,,,,,,,,,,,,,,,,,50.236666666666665,123.99333333333334,82.45,28.0,90,8
222,0.16,,24.5,-38.266363636363636,27.0,376.4054545454546,22.0,,,,582.0,11.0,,1.0,,0.0,,-0.1527272727272727,12.568181818181818,0.0,85.0,0.0,69.4,,,,,,,,,,,,,,,,,,38.71090909090909,124.51636363636364,82.0,28.0,90,8
223,0.16,,24.5,-13.655555555555557,27.0,378.3077777777778,22.0,,,,582.0,11.0,,1.0,,0.0,,-0.2911111111111111,2.7777777777777777,0.0,85.0,0.0,69.4,,,,,,,,,,,,,,,,,,37.986666666666665,123.88000000000001,82.0,28.0,90,8
224,0.16,,24.5,-12.67090909090909,27.0,378.5781818181818,22.0,,,,582.0,11.0,,1.0,,0.0,,-0.2890909090909091,2.4318181818181817,0.0,85.0,0.0,69.4,,,,,,,,,,,,,,,,,,37.595454545454544,123.00181818181818,82.0,28.0,90,8
225,0.16,,24.5,-12.8,27.0,378.7255555555555,22.0,,,,582.0,11.0,,1.0,,0.0,,-0.3188888888888889,2.4722222222222223,0.0,85.0,0.0,69.4,,,,,,,,,,,,,,,,,,37.61666666666666,122.17666666666666,82.0,28.0,90,8
226,0.16,,24.5,-12.739090909090908,27.0,378.8663636363636,22.0,,,,582.0,11.0,,1.0,,4.516363636363636,,-0.2927272727272727,2.477272727272727,0.0,85.0,0.0,69.4,,,,,,,,,,,,,,,,,,37.68636363636363,121.32090909090908,82.0,28.0,90,8
227,0.16,,24.5,-12.634444444444446,27.0,378.98777777777775,22.0,,,,582.0,11.0,,1.0,,0.6133333333333333,,-0.31444444444444447,2.4166666666666665,0.0,85.0,0.0,69.4,,,,,,,,,,,,,,,,,,37.761111111111106,120.47333333333333,82.0,28.0,90,8
228,0.16,,24.5,-68.07181818181817,27.0,375.4509090909091,22.0,,,,582.0,11.0,,1.0,,0.0,,0.055454545454545444,21.181818181818183,0.0,85.0,0.0,69.4,,,,,,,,,,,,,,,,,,56.473636363636366,119.95545454545454,82.0,28.0,90,8
229,0.16,,24.5,-160.8322222222222,27.0,368.8377777777778,22.0,,,,582.0,11.0,,1.0,,0.0,,0.6488888888888888,58.138888888888886,0.0,85.0,0.0,69.3,,,,,,,,,,,,,,,,,,57.800000000000004,121.56444444444443,82.0,28.0,90,8
230,0.16,,24.5,-130.18636363636364,27.0,370.36,22.0,,,,582.0,11.0,,1.0,,0.0,,0.41727272727272724,46.22727272727273,0.0,85.0,0.0,69.26,,,,,,,,,,,,,,,,,,53.70272727272727,123.6509090909091,82.0,28.0,90,8
231,0.16,,24.5,-139.08333333333334,27.0,369.56444444444446,22.018888888888892,,,,582.0,11.0,,1.0,,0.0,,0.5033333333333334,48.217777777777776,0.0,85.0,0.0,69.2,,,,,,,,,,,,,,,,,,58.041111111111114,125.20555555555555,82.0,28.0,90,8
232,0.16,,24.5,-161.3190909090909,27.0,367.78909090909093,22.145454545454548,,,,582.0,11.0,,1.0,,0.0,,0.5481818181818182,55.28636363636363,0.0,85.0,0.0,69.1,,,,,,,,,,,,,,,,,,58.27272727272727,127.22909090909091,82.0,28.0,90,8
233,0.16,,24.5,-160.94666666666666,27.0,367.4777777777778,22.17,,,,582.0,11.0,,1.0,,0.0,,0.5377777777777778,54.465555555555554,0.0,85.0,0.0,69.1,,,,,,,,,,,,,,,,,,58.14444444444444,129.2588888888889,82.0,28.0,90,8
234,0.16,,24.5,-159.85818181818183,27.0,367.2709090909091,22.17,,,,582.0,11.0,,1.0,,0.0,,0.58,53.03636363636363,0.0,85.0,0.0,69.0,,,,,,,,,,,,,,,,,,58.08727272727273,131.04,81.5,28.0,90,8
235,0.16,,24.5,-151.76444444444445,27.0,367.5444444444445,22.17,,,,582.0,11.0,,1.0,,0.0,,0.5033333333333334,49.92444444444445,0.0,85.0,0.0,68.9,,,,,,,,,,,,,,,,,,56.99777777777778,132.81333333333333,81.5,28.0,90,8
236,0.16,,24.5,-131.85090909090908,27.0,368.8036363636364,22.150000000000002,,,,582.0,11.0,,1.0,,0.0,,0.3772727272727273,42.77636363636364,0.0,85.0,0.0,68.8,,,,,,,,,,,,,,,,,,54.55090909090909,133.98363636363635,81.5,28.0,90,8
237,0.16,,24.5,-116.6277777777778,27.0,369.7322222222222,22.024444444444445,,,,582.0,11.0,,1.0,,0.0,,0.2822222222222222,37.25222222222222,0.0,85.0,0.0,68.8,,,,,,,,,,,,,,,,,,54.01111111111111,134.76444444444445,81.5,28.0,90,8
238,0.1690909090909091,,24.5,-131.5309090909091,27.0,368.6554545454546,22.0,,,,582.0,11.0,,1.0,,0.0,,0.2690909090909091,41.93363636363636,0.0,85.0,0.0,68.76,,,,,,,,,,,,,,,,,,55.155454545454546,135.60636363636365,81.5,28.0,90,8
239,0.16666666666666666,,24.5,-129.37,27.0,368.6588888888889,22.0,,,,582.0,11.0,,1.0,,0.0,,0.3766666666666667,41.25666666666667,0.0,85.0,0.0,68.7,,,,,,,,,,,,,,,,,,54.78111111111111,136.4888888888889,81.13,28.0,90,8
240,0.16,,24.5,-76.3790909090909,27.0,371.9472727272727,22.0,,,,582.0,11.0,,1.0,,0.0,,-0.011818181818181813,24.078181818181818,0.0,85.0,0.0,68.6,,,,,,,,,,,,,,,,,,39.71545454545455,136.76363636363638,81.0,28.0,90,8
241,0.16,,24.5,-10.06111111111111,27.0,376.7066666666667,22.0,,,,582.0,11.0,,1.0,,0.0,,-0.36333333333333334,1.9788888888888887,0.0,85.0,0.0,68.6,,,,,,,,,,,,,,,,,,26.74888888888889,135.61,81.0,28.0,90,8
242,0.16181818181818183,,24.5,-9.990909090909092,27.0,377.1627272727273,21.981818181818184,,,,582.0,11.0,,1.0,,0.0,,-0.41818181818181815,0.71,0.0,85.0,0.0,68.6,,,,,,,,,,,,,,,,,,35.49,133.7709090909091,81.0,28.0,90,8
243,0.18888888888888888,,24.5,-32.852222222222224,27.0,375.7888888888889,21.86,,,,582.0,11.0,,1.0,,0.0,,-0.26666666666666666,9.134444444444446,0.0,85.0,0.0,68.6,,,,,,,,,,,,,,,,,,47.18222222222222,132.04333333333332,81.0,28.0,90,8
244,0.1690909090909091,,24.5,-83.27181818181818,27.0,372.6136363636364,21.84,,,,582.0,11.0,,1.0,,0.0,,0.07,26.37181818181818,0.0,85.0,0.0,68.6,,,,,,,,,,,,,,,,,,55.791818181818186,131.05272727272725,81.0,28.0,90,8
245,0.18888888888888888,,24.5,-117.7188888888889,27.0,370.02,21.84,,,,582.0,11.0,,1.0,,0.0,,0.28777777777777774,39.17777777777778,0.0,85.0,0.0,68.5,,,,,,,,,,,,,,,,,,53.156666666666666,131.46333333333334,81.0,28.0,90,8
246,0.17636363636363636,,24.5,-48.97545454545455,27.0,374.2990909090909,21.84,,,,582.0,11.0,,1.0,,0.0,,-0.08181818181818182,15.675454545454546,0.0,85.0,0.0,68.5,,,,,,,,,,,,,,,,,,38.97454545454545,131.37,81.0,28.0,90,8
247,0.19333333333333333,,24.5,-33.004444444444445,27.0,375.72333333333336,21.84,,,,582.0,11.0,,1.0,,0.0,,-0.17222222222222222,8.695555555555556,0.0,85.0,0.0,68.5,,,,,,,,,,,,,,,,,,49.13333333333333,130.01333333333332,81.0,28.0,90,8
248,0.2081818181818182,,24.5,-92.91545454545455,27.0,371.78818181818184,21.84,,,,582.0,11.0,,1.0,,0.0,,0.10636363636363635,30.468181818181815,0.0,85.0,0.0,68.4,,,,,,,,,,,,,,,,,,56.60636363636363,129.41545454545454,81.0,28.0,90,8
249,0.2,,24.5,-139.33888888888887,27.0,368.4455555555556,21.84,,,,582.0,11.0,,1.0,,0.0,,0.4088888888888889,46.23111111111111,0.0,85.0,0.0,68.4,,,,,,,,,,,,,,,,,,58.907777777777774,130.04333333333332,81.0,28.0,90,8
250,0.18545454545454546,,24.5,-162.40545454545455,27.127272727272725,366.51363636363635,21.84,,,,582.0,11.0,,1.0,,4.516363636363636,,0.5436363636363636,53.71636363636364,0.0,85.0,0.0,68.3,,,,,,,,,,,,,,,,,,58.858181818181826,131.32,81.0,28.0,90,8
251,0.2,,24.5,-163.91111111111113,27.9,366.1511111111111,21.84,,,,582.0,10.94888888888889,,1.0,,0.6133333333333333,,0.5877777777777777,53.34777777777778,0.0,85.0,0.0,68.3,,,,,,,,,,,,,,,,,,58.97,132.7688888888889,80.5,28.0,90,8
252,0.2,,24.5,-156.1818181818182,28.0,366.4190909090909,21.84,,,,582.0,10.573636363636364,,1.0,,0.0,,0.4945454545454545,50.56727272727273,0.0,85.0,0.0,68.2,,,,,,,,,,,,,,,,,,56.24363636363636,134.2190909090909,80.5,28.0,90,8
253,0.21777777777777776,,24.5,-68.85888888888888,28.0,371.97222222222223,21.84,,,,582.0,10.5,,1.0,,0.0,,0.04555555555555555,21.587777777777777,0.0,85.0,0.0,68.1,,,,,,,,,,,,,,,,,,43.925555555555555,134.84888888888887,80.5,28.0,90,8
254,0.23999999999999996,,24.5,-74.29,28.0,371.98545454545456,21.84,,,,582.0,10.5,,1.0,,0.0,,0.0809090909090909,22.796363636363637,0.0,85.0,0.0,68.1,,,,,,,,,,,,,,,,,,53.90909090909091,134.2627272727273,80.5,28.0,90,8
255,0.24000000000000002,,24.5,-76.17333333333333,28.0,371.73,21.84,,,,582.0,10.5,,1.0,,0.0,,0.22666666666666668,24.156666666666666,0.0,85.0,0.0,68.1,,,,,,,,,,,,,,,,,,45.72777777777778,134.07777777777778,80.5,28.0,90,8
256,0.23999999999999996,,24.5,-59.275454545454544,28.0,373.1054545454545,21.84,,,,582.0,10.5,,1.0,,0.0,,-0.026363636363636367,17.664545454545454,0.0,85.0,0.0,68.0,,,,,,,,,,,,,,,,,,52.75545454545454,133.42727272727274,80.5,28.0,90,8
257,0.24000000000000002,,24.5,-119.58111111111111,28.0,369.0222222222222,21.84,,,,582.0,10.5,,1.0,,0.0,,0.30888888888888894,38.37444444444444,0.0,85.0,0.0,68.0,,,,,,,,,,,,,,,,,,57.68555555555555,133.46666666666667,80.5,28.0,90,8
258,0.23999999999999996,,24.5,-113.47363636363637,28.0,369.0281818181818,21.84,,,,582.0,10.5,,1.0,,0.0,,0.29454545454545455,37.052727272727275,0.0,85.0,0.0,67.9,,,,,,,,,,,,,,,,,,49.48,134.32909090909092,80.0,28.0,90,8
259,0.25777777777777783,,24.5,-41.31,28.0,374.0011111111111,21.84,,,,582.0,10.5,,1.0,,0.0,,-0.1522222222222222,12.216666666666667,0.0,85.0,0.0,67.9,,,,,,,,,,,,,,,,,,41.18666666666667,134.11333333333334,80.0,28.0,90,8
260,0.2690909090909091,,24.5,-18.413636363636364,28.0,375.75272727272727,21.84,,,,582.0,10.5,,1.0,,0.0,,-0.27181818181818185,3.9545454545454546,0.0,85.0,0.0,67.9,,,,,,,,,,,,,,,,,,39.71545454545455,132.94727272727275,80.0,28.0,90,8
261,0.25777777777777783,,24.5,-15.476666666666667,28.0,376.21777777777777,21.84,,,,582.0,10.5,,1.0,,0.0,,-0.24222222222222223,2.9122222222222223,0.0,85.0,0.0,67.9,,,,,,,,,,,,,,,,,,39.535555555555554,131.67333333333332,80.0,28.0,90,8
262,0.2545454545454545,,24.5,-17.774545454545457,28.0,376.24636363636364,21.84,,,,582.0,10.5,,1.0,,0.0,,-0.27454545454545454,3.791818181818182,0.0,85.0,0.0,67.9,,,,,,,,,,,,,,,,,,41.657272727272726,130.44,80.0,28.0,90,8
263,0.24000000000000002,,24.5,-33.26222222222222,28.0,375.31444444444446,21.84,,,,582.0,10.5,,1.0,,0.0,,-0.04111111111111111,9.412222222222223,0.0,85.0,0.0,67.9,,,,,,,,,,,,,,,,,,44.86,129.4811111111111,80.0,28.0,90,8
264,0.23999999999999996,,24.5,-16.964545454545455,28.0,376.46181818181816,21.84,,,,582.0,10.5,,1.0,,0.0,,-0.26272727272727275,3.78,0.0,85.0,0.0,67.8,,,,,,,,,,,,,,,,,,37.46636363636364,128.69000000000003,80.0,28.0,90,8
265,0.24000000000000002,,24.5,-16.863333333333333,28.0,376.71888888888884,21.84,,,,582.0,10.5,,1.0,,0.0,,-0.2644444444444444,3.102222222222222,0.0,85.0,0.0,67.8,,,,,,,,,,,,,,,,,,41.44444444444444,127.62666666666665,80.0,28.0,90,8
266,0.2509090909090909,,24.5,-41.10181818181818,28.0,375.2154545454545,21.84,,,,582.0,10.5,,1.0,,0.0,,-0.16818181818181818,12.076363636363636,0.0,85.0,0.0,67.8,,,,,,,,,,,,,,,,,,47.93272727272727,126.93181818181819,80.0,28.0,90,8
267,0.26222222222222225,,24.5,-68.71555555555555,28.0,373.3544444444444,21.84,,,,582.0,10.5,,1.0,,0.0,,0.05111111111111111,22.13111111111111,0.0,85.0,0.0,67.8,,,,,,,,,,,,,,,,,,51.836666666666666,126.92999999999999,80.0,28.0,90,8
268,0.23999999999999996,,24.5,-96.09818181818181,28.0,371.37272727272733,21.84,,,,582.0,10.5,,1.0,,0.0,,0.20363636363636364,32.016363636363636,0.0,85.0,0.0,67.8,,,,,,,,,,,,,,,,,,52.57181818181818,127.62909090909092,80.0,28.15909090909091,90,8
269,0.2488888888888889,,24.5,-69.54555555555555,28.0,372.77555555555557,21.84,,,,582.0,10.5,,1.0,,0.0,,0.008888888888888889,23.54444444444444,0.0,85.0,0.0,67.7,,,,,,,,,,,,,,,,,,41.04666666666667,128.64666666666665,80.0,28.965555555555554,90,8
270,0.2727272727272727,,24.5,-18.669090909090908,28.0,376.3536363636364,21.84,,,,582.0,10.5,,1.0,,0.0,,-0.2618181818181818,4.39,0.0,85.0,0.0,67.7,,,,,,,,,,,,,,,,,,34.89636363636364,128.49818181818182,80.0,29.0,90,8
271,0.28,,24.5,-18.93111111111111,28.0,376.58000000000004,21.84,,,,582.0,10.5,,1.0,,0.0,,-0.25,4.19,0.0,85.0,0.0,67.7,,,,,,,,,,,,,,,,,,41.11666666666667,127.9511111111111,80.0,29.0,90,8
272,0.28,,24.5,-23.23090909090909,28.0,376.3872727272728,21.84,,,,582.0,10.5,,1.0,,0.0,,-0.2290909090909091,5.980909090909091,0.0,85.0,0.0,67.7,,,,,,,,,,,,,,,,,,42.374545454545455,127.60363636363637,80.0,29.0,90,8
273,0.2833333333333334,,24.5,-26.285555555555554,28.0,376.2877777777778,21.84,,,,582.0,10.5,,1.0,,0.0,,-0.21000000000000002,6.912222222222223,0.0,85.0,0.0,67.7,,,,,,,,,,,,,,,,,,43.28333333333333,127.33888888888889,80.0,29.0,90,8
274,0.3118181818181818,,24.5,-48.31181818181819,28.0,374.93545454545455,21.84,,,,582.0,10.5,,1.0,,4.516363636363636,,-0.10818181818181817,14.554545454545455,0.0,85.0,0.0,67.7,,,,,,,,,,,,,,,,,,50.58545454545455,127.34818181818181,80.0,29.0,90,8
275,0.32,,24.5,-77.55555555555556,28.0,372.9555555555555,21.84,,,,582.0,10.5,,1.0,,0.6133333333333333,,0.03888888888888889,25.107777777777777,0.0,85.0,0.0,67.6,,,,,,,,,,,,,,,,,,52.05,128.03,80.0,29.0,90,8
276,0.32,,24.5,-75.87545454545455,28.0,372.7518181818181,21.84,,,,582.0,10.5,,1.0,,0.0,,0.03909090909090909,25.09181818181818,0.0,85.0,0.0,67.6,,,,,,,,,,,,,,,,,,46.401818181818186,129.1390909090909,79.98,29.0,90,8
277,0.32,,24.5,-38.75111111111111,28.0,375.22,21.84,,,,582.0,10.5,,1.0,,0.0,,-0.1111111111111111,11.357777777777777,0.0,85.0,0.0,67.6,,,,,,,,,,,,,,,,,,45.349999999999994,129.7188888888889,79.5,28.854444444444443,90,8
278,0.32,,24.5,-37.06272727272727,28.0,375.4181818181818,21.84,,,,582.0,10.5,,1.0,,0.0,,-0.2609090909090909,10.77909090909091,0.0,85.0,0.0,67.6,,,,,,,,,,,,,,,,,,45.593636363636364,129.8981818181818,79.5,28.032727272727275,90,8
279,0.32,,24.5,-37.23111111111111,28.0,375.5188888888889,21.84,,,,582.0,10.5,,1.0,,0.0,,-0.1611111111111111,10.593333333333334,0.0,85.0,0.0,67.5,,,,,,,,,,,,,,,,,,45.47666666666667,129.86333333333334,79.5,28.0,90,8
280,0.32,,24.5,-31.061818181818182,28.0,375.9763636363636,21.84,,,,582.0,10.5,,1.0,,0.0,,-0.22454545454545452,8.656363636363636,0.0,85.0,0.0,67.5,,,,,,,,,,,,,,,,,,44.224545454545456,129.8527272727273,79.5,28.0,90,8
281,0.32,,24.5,-30.383333333333333,28.0,376.09,21.84,,,,582.0,10.5,,1.0,,0.0,,-0.2866666666666667,8.232222222222223,0.0,85.0,0.0,67.5,,,,,,,,,,,,,,,,,,43.867777777777775,129.73777777777775,79.5,28.0,90,8
282,0.32,,24.5,-19.724545454545453,28.0,376.84363636363634,21.84,,,,582.0,10.5,,1.0,,0.0,,-0.3,4.777272727272727,0.0,85.0,0.0,67.5,,,,,,,,,,,,,,,,,,39.89454545454545,129.49363636363637,79.5,28.0,90,8
283,0.32,,24.5,-6.486666666666667,28.0,377.85555555555555,21.855555555555554,,,,582.0,10.5,,1.0,,4.906666666666666,,-0.3277777777777778,-0.09000000000000001,0.0,85.0,0.0,67.5,,,,,,,,,,,,,,,,,,31.45777777777778,128.99,79.5,28.0,90,8
284,0.32,,24.5,-5.2681818181818185,28.0,378.0945454545454,21.977272727272727,,,,582.0,10.5,,1.0,,1.0036363636363637,,-0.3845454545454545,-0.5627272727272726,0.0,85.0,0.0,67.5,,,,,,,,,,,,,,,,,,30.876363636363635,128.08272727272725,79.5,28.0,90,8
285,0.32,,24.5,-6.296666666666667,27.577777777777776,378.18,22.0,,,,582.0,10.5,,1.0,,0.0,,-0.29666666666666663,-0.42333333333333334,0.0,85.0,0.0,67.5,,,,,,,,,,,,,,,,,,31.321111111111108,127.04333333333335,79.5,28.0,90,8
286,0.32,,24.5,-6.546363636363637,27.0,378.2445454545454,22.0,,,,582.0,10.5,,1.0,,0.0,,-0.33818181818181814,-0.10181818181818182,0.0,85.0,0.0,67.5,,,,,,,,,,,,,,,,,,31.54,125.97636363636364,79.5,28.0,90,8
287,0.32,,24.5,-6.7555555555555555,27.0,378.34777777777776,22.0,,,,582.0,10.5,,1.0,,0.0,,-0.33,-0.06888888888888889,0.0,85.0,0.0,67.5,,,,,,,,,,,,,,,,,,31.616666666666667,124.83999999999999,79.5,28.0,90,8
288,0.32,,24.5,-7.561818181818182,27.0,378.35636363636365,22.0,,,,582.0,10.5,,1.0,,0.0,,-0.3109090909090909,0.2727272727272727,0.0,85.0,0.0,67.5,,,,,,,,,,,,,,,,,,33.28545454545454,123.69545454545455,79.5,28.0,90,8
289,0.3288888888888889,,24.5,-15.80777777777778,27.0,377.90777777777777,22.0,,,,582.0,10.5,,1.0,,0.0,,-0.2722222222222222,3.1666666666666665,0.0,85.0,0.0,67.5,,,,,,,,,,,,,,,,,,39.61222222222222,122.55444444444444,79.5,28.0,90,8
290,0.33454545454545453,,24.5,-15.65090909090909,27.0,377.94818181818187,22.0,,,,582.0,10.5,,1.0,,0.0,,-0.24545454545454548,3.4654545454545453,0.0,85.0,0.0,67.5,,,,,,,,,,,,,,,,,,39.84,121.52363636363636,79.5,28.0,90,8
291,0.34111111111111114,,24.5,-20.142222222222223,27.0,377.70222222222225,22.0,,,,582.0,10.5,,1.0,,0.0,,-0.21888888888888888,4.716666666666667,0.0,85.0,0.0,67.5,,,,,,,,,,,,,,,,,,42.46666666666667,120.44111111111111,79.5,28.0,90,8
292,0.35,,24.5,-48.53090909090909,27.0,375.86181818181825,22.0,,,,582.0,10.5,,1.0,,0.0,,0.001818181818181821,15.553636363636365,0.0,85.0,0.0,67.46,,,,,,,,,,,,,,,,,,50.76454545454545,119.72818181818182,79.5,28.0,90,8
293,0.35777777777777775,,24.5,-79.64222222222222,27.0,373.6711111111111,22.0,,,,582.0,10.5,,1.0,,0.0,,0.1622222222222222,28.064444444444447,0.0,85.0,0.0,67.4,,,,,,,,,,,,,,,,,,50.74666666666666,119.74111111111112,79.5,28.0,90,8
294,0.33454545454545453,,24.5,-69.89090909090909,27.0,374.04090909090905,22.0,,,,582.0,10.5,,1.0,,0.0,,0.10636363636363635,24.473636363636363,0.0,85.0,0.0,67.4,,,,,,,,,,,,,,,,,,48.879999999999995,119.9190909090909,79.5,28.0,90,8
295,0.32,,24.5,-59.62555555555556,27.0,374.5788888888889,22.0,,,,582.0,10.5,,1.0,,0.0,,0.06777777777777777,20.822222222222223,0.0,85.0,0.0,67.36,,,,,,,,,,,,,,,,,,48.11888888888889,119.77111111111111,79.5,28.0,90,8
296,0.32,,24.5,-45.656363636363636,27.0,375.49727272727273,22.0,,,,582.0,10.5,,1.0,,0.0,,0.011818181818181816,15.180909090909092,0.0,85.0,0.0,67.3,,,,,,,,,,,,,,,,,,46.690909090909095,119.21909090909092,79.5,28.0,90,8
297,0.32,,24.5,-36.12888888888889,27.0,376.17777777777775,22.0,,,,582.0,10.5,,1.0,,0.0,,-0.05666666666666667,11.644444444444444,0.0,85.0,0.0,67.3,,,,,,,,,,,,,,,,,,45.205555555555556,118.36222222222221,79.5,28.0,90,8
298,0.33454545454545453,,24.5,-52.31272727272728,27.0,375.1581818181818,22.0,,,,582.0,10.5,,1.0,,0.0,,0.03090909090909091,17.554545454545455,0.0,85.0,0.0,67.3,,,,,,,,,,,,,,,,,,50.39545454545455,117.46181818181817,79.5,28.0,90,8
299,0.32666666666666666,,24.5,-88.42555555555556,27.0,372.6877777777778,22.0,,,,582.0,10.44888888888889,,1.0,,0.0,,0.2644444444444444,32.02222222222222,0.0,85.0,0.0,67.3,,,,,,,,,,,,,,,,,,52.35666666666666,117.4011111111111,79.5,28.0,90,8
300,0.32,,24.5,-87.56181818181818,27.0,372.34272727272725,22.0,,,,582.0,10.137272727272729,,1.0,,0.0,,0.27454545454545454,32.5,0.0,85.0,0.0,67.2,,,,,,,,,,,,,,,,,,48.36272727272728,117.82818181818183,79.48,28.0,90,8
301,0.32,,24.5,-40.01777777777777,27.0,375.49555555555554,22.0,,,,582.0,10.43888888888889,,1.0,,0.0,,-0.12666666666666665,13.788888888888888,0.0,85.0,0.0,67.2,,,,,,,,,,,,,,,,,,43.016666666666666,117.50111111111111,79.0,28.0,90,8
302,0.34545454545454546,,24.5,-42.768181818181816,27.0,375.5254545454545,22.0,,,,582.0,10.5,,1.0,,0.0,,-0.052727272727272734,13.781818181818181,0.0,85.0,0.0,67.2,,,,,,,,,,,,,,,,,,50.60272727272727,116.42454545454547,79.0,28.0,90,8
303,0.36,,24.5,-130.61888888888888,27.0,369.65777777777777,22.0,,,,582.0,10.44888888888889,,1.0,,0.0,,0.6011111111111112,47.367777777777775,0.0,85.0,0.0,67.2,,,,,,,,,,,,,,,,,,59.97555555555555,116.4688888888889,79.0,28.0,90,8
304,0.36,,24.5,-169.71272727272728,27.0,366.5781818181818,22.0,,,,582.0,10.073636363636364,,1.0,,0.0,,0.71,62.35181818181818,0.0,85.0,0.0,67.1,,,,,,,,,,,,,,,,,,58.26545454545454,118.44636363636364,79.0,28.0,90,8
305,0.3244444444444444,,24.5,-145.9811111111111,27.0,367.60333333333335,21.984444444444446,,,,582.0,10.0,,1.0,,0.0,,0.6044444444444445,53.63333333333333,0.0,85.0,0.0,67.0,,,,,,,,,,,,,,,,,,52.38111111111111,120.39666666666666,79.0,28.0,90,8
306,0.36,,24.5,-57.47727272727273,27.0,373.33090909090913,21.862727272727273,,,,582.0,10.0,,1.0,,0.0,,-0.04454545454545455,19.25,0.0,85.0,0.0,66.9,,,,,,,,,,,,,,,,,,44.54454545454546,120.87181818181817,79.0,28.0,90,8
307,0.36,,24.5,-57.650000000000006,27.0,373.6022222222222,21.84,,,,582.0,10.0,,1.0,,0.0,,0.11888888888888889,18.912222222222223,0.0,85.0,0.0,66.9,,,,,,,,,,,,,,,,,,51.718888888888884,120.35888888888888,79.0,28.0,90,8
308,0.3509090909090909,,24.5,-91.66636363636364,27.0,371.3709090909091,21.84,,,,582.0,10.0,,1.0,,0.0,,0.21909090909090911,32.04545454545455,0.0,85.0,0.0,66.9,,,,,,,,,,,,,,,,,,52.64909090909091,120.60909090909091,79.0,28.0,90,8
309,0.3288888888888889,,24.5,-107.77666666666667,27.0,370.0422222222222,21.84,,,,582.0,10.0,,1.0,,0.0,,0.36666666666666664,38.13333333333333,0.0,85.0,0.0,66.9,,,,,,,,,,,,,,,,,,51.63777777777778,121.49666666666667,79.0,28.0,90,8
310,0.3527272727272727,,24.5,-55.41181818181818,27.0,373.34090909090907,21.84,,,,582.0,10.0,,1.0,,0.0,,0.01363636363636364,19.06,0.0,85.0,0.0,66.8,,,,,,,,,,,,,,,,,,42.190909090909095,122.08818181818182,78.5,28.0,90,8
311,0.3555555555555555,,24.5,-17.307777777777776,27.0,376.03222222222223,21.84,,,,582.0,10.0,,1.0,,0.0,,-0.20555555555555557,4.595555555555555,0.0,85.0,0.0,66.8,,,,,,,,,,,,,,,,,,35.08222222222222,121.53666666666666,78.5,28.0,90,8
312,0.35,,24.5,-7.21090909090909,27.0,376.9572727272727,21.84,,,,582.0,10.0,,1.0,,0.0,,-0.2618181818181818,0.4481818181818182,0.0,85.0,0.0,66.8,,,,,,,,,,,,,,,,,,32.70363636363636,120.7218181818182,78.5,28.0,90,8
313,0.34111111111111114,,24.5,-14.484444444444442,27.0,376.7011111111111,21.84,,,,582.0,10.0,,1.0,,0.0,,-0.22999999999999998,2.6722222222222225,0.0,85.0,0.0,66.8,,,,,,,,,,,,,,,,,,41.64666666666667,119.93444444444445,78.5,28.0,90,8
314,0.33727272727272734,,24.5,-46.88,27.0,374.65090909090907,21.84,,,,582.0,10.0,,1.0,,0.0,,0.045454545454545456,15.507272727272728,0.0,85.0,0.0,66.8,,,,,,,,,,,,,,,,,,48.695454545454545,119.75636363636363,78.5,28.0,90,8
315,0.33,,24.5,-32.41777777777778,27.0,375.5188888888889,21.84,,,,582.0,10.0,,1.0,,0.0,,-0.16555555555555557,10.502222222222223,0.0,85.0,0.0,66.8,,,,,,,,,,,,,,,,,,34.07111111111111,120.14222222222222,78.5,28.0,90,8
316,0.32363636363636367,,24.5,70.21545454545455,27.0,382.33818181818185,21.84,,,,582.0,10.0,,1.0,,0.0,,-0.8481818181818181,-29.104545454545452,0.0,85.0,0.0,66.7,,,,,,,,,,,,,,,,,,1.1027272727272728,119.16454545454545,78.5,28.0,90,8
317,0.3377777777777778,,24.5,50.17888888888889,27.0,381.97333333333336,21.84,,,,582.0,10.0,,1.0,,0.0,,-0.7022222222222223,-23.762222222222224,0.0,85.0,0.0,66.8,,,,,,,,,,,,,,,,,,23.083333333333332,116.24777777777778,78.5,28.0,90,8
318,0.35818181818181816,,24.5,-12.36909090909091,27.0,377.80909090909086,21.84,,,,582.0,10.0,,1.0,,4.516363636363636,,-0.29363636363636364,2.666363636363636,0.0,85.0,0.0,66.8,,,,,,,,,,,,,,,,,,38.20909090909091,115.75181818181818,78.5,28.0,90,8
319,0.34444444444444444,,24.5,-19.511111111111113,27.0,377.3077777777778,21.84,,,,582.0,10.0,,1.0,,0.6133333333333333,,-0.1988888888888889,5.182222222222222,0.0,85.0,0.0,66.8,,,,,,,,,,,,,,,,,,42.38444444444444,115.67666666666666,78.5,28.0,90,8
320,0.3290909090909091,,24.5,-41.00454545454546,27.0,375.9154545454545,21.84,,,,582.0,10.0,,1.0,,0.0,,-0.028181818181818183,13.810909090909092,0.0,85.0,0.0,66.8,,,,,,,,,,,,,,,,,,47.446363636363635,116.0409090909091,78.5,28.0,90,8
321,0.32,,24.5,-54.26555555555555,27.0,374.83666666666664,21.84,,,,582.0,10.0,,1.0,,0.0,,-0.0022222222222222227,19.45777777777778,0.0,85.0,0.0,66.76,,,,,,,,,,,,,,,,,,44.60444444444445,116.98333333333332,78.5,28.0,90,8
322,0.32,,24.5,-19.05636363636364,27.0,377.13090909090903,21.84,,,,582.0,10.0,,1.0,,0.0,,-0.22090909090909092,5.412727272727273,0.0,85.0,0.0,66.7,,,,,,,,,,,,,,,,,,30.521818181818183,117.49727272727273,78.5,28.0,90,8
323,0.32,,24.5,-4.477777777777778,27.0,378.26666666666665,21.84,,,,582.0,10.0,,1.0,,0.0,,-0.37777777777777777,-0.28777777777777774,0.0,85.0,0.0,66.7,,,,,,,,,,,,,,,,,,29.52777777777778,117.32555555555557,78.5,28.0,90,8
324,0.30363636363636365,,24.5,-4.589090909090909,27.0,378.36909090909086,21.84,,,,582.0,10.0,,1.0,,0.0,,-0.23363636363636361,0.07727272727272727,0.0,85.0,0.0,66.7,,,,,,,,,,,,,,,,,,31.138181818181817,116.86636363636363,78.5,28.0,90,8
325,0.28,,24.5,-7.033333333333333,27.0,378.3255555555555,21.84,,,,582.0,10.0,,1.0,,0.0,,-0.38333333333333336,0.4633333333333333,0.0,85.0,0.0,66.7,,,,,,,,,,,,,,,,,,32.806666666666665,116.63666666666667,78.5,28.0,90,8
326,0.28,,24.5,-5.671818181818182,27.0,378.48545454545456,21.84,,,,582.0,10.0,,1.0,,0.0,,-0.36727272727272725,0.039999999999999994,0.0,85.0,0.0,66.7,,,,,,,,,,,,,,,,,,31.679090909090913,116.34818181818181,78.5,28.0,90,8
327,0.28,,24.5,-5.555555555555555,27.0,378.59222222222223,21.84,,,,582.0,10.0,,1.0,,0.0,,-0.3333333333333333,-0.08555555555555555,0.0,85.0,0.0,66.7,,,,,,,,,,,,,,,,,,31.650000000000002,116.01444444444445,78.5,28.0,90,8
328,0.28,,24.5,-5.195454545454545,27.0,378.6781818181818,21.84,,,,582.0,10.0,,1.0,,0.0,,-0.3509090909090909,-0.18181818181818182,0.0,85.0,0.0,66.7,,,,,,,,,,,,,,,,,,31.180000000000003,115.67636363636365,78.5,28.0,90,8
329,0.28,,24.5,-20.206666666666667,27.0,377.7966666666667,21.84,,,,582.0,10.0,,1.0,,0.0,,-0.20222222222222222,5.12,0.0,85.0,0.0,66.7,,,,,,,,,,,,,,,,,,45.33888888888889,115.2188888888889,78.5,28.0,90,8
330,0.28,,24.5,-90.62727272727273,27.0,373.1163636363636,21.84,,,,582.0,10.0,,1.0,,0.0,,0.23090909090909092,32.70818181818182,0.0,85.0,0.0,66.7,,,,,,,,,,,,,,,,,,56.59090909090909,115.77,78.5,28.0,90,8
331,0.28,,24.5,-172.0,27.0,367.26222222222225,21.84,,,,582.0,10.0,,1.0,,0.0,,0.6966666666666667,63.046666666666674,0.0,85.0,0.0,66.6,,,,,,,,,,,,,,,,,,62.626666666666665,118.10222222222222,78.5,28.0,90,8
332,0.28,,24.5,-171.19272727272727,27.0,366.5263636363636,21.84,,,,582.0,10.0,,1.0,,0.0,,0.7172727272727273,62.11818181818182,0.0,85.0,0.0,66.52,,,,,,,,,,,,,,,,,,54.51636363636364,121.25818181818182,78.5,28.0,90,8
333,0.28,,24.5,-49.85666666666666,27.0,374.1477777777778,21.84,,,,582.0,10.0,,1.0,,0.0,,-0.09666666666666666,17.378888888888888,0.0,85.0,0.0,66.5,,,,,,,,,,,,,,,,,,37.62888888888889,122.47888888888889,78.5,28.0,90,8
334,0.28,,24.5,-17.014545454545456,27.0,376.66,21.84,,,,582.0,10.0,,1.0,,0.0,,-0.2645454545454546,3.9990909090909095,0.0,85.0,0.0,66.5,,,,,,,,,,,,,,,,,,38.18909090909091,121.55,78.5,28.0,90,8
335,0.28,,24.5,-27.983333333333334,27.0,376.15,21.84,,,,582.0,10.0,,1.0,,0.0,,-0.09333333333333332,7.887777777777777,0.0,85.0,0.0,66.5,,,,,,,,,,,,,,,,,,44.54555555555556,120.40333333333335,78.0,28.0,90,8
336,0.28,,24.5,-43.26181818181818,27.0,375.2054545454546,21.84,,,,582.0,10.0,,1.0,,0.0,,-0.07272727272727274,14.264545454545454,0.0,85.0,0.0,66.5,,,,,,,,,,,,,,,,,,47.194545454545455,119.72545454545455,78.0,28.0,90,8
337,0.28,,24.5,-65.21444444444445,27.0,373.77666666666664,21.84,,,,582.0,10.0,,1.0,,0.0,,0.006666666666666666,22.474444444444444,0.0,85.0,0.0,66.4,,,,,,,,,,,,,,,,,,51.80444444444444,119.05111111111111,78.0,28.0,90,8
338,0.2509090909090909,,24.5,-67.82727272727273,27.0,373.3236363636364,21.84,,,,582.0,10.0,,1.0,,0.0,,0.07272727272727274,24.544545454545457,0.0,85.0,0.0,66.4,,,,,,,,,,,,,,,,,,45.03090909090909,118.89818181818183,78.0,28.0,90,8
339,0.26222222222222225,,24.5,-24.002222222222223,27.0,376.2477777777778,21.84,,,,582.0,10.0,,1.0,,0.0,,-0.25,7.286666666666666,0.0,85.0,0.0,66.4,,,,,,,,,,,,,,,,,,38.03111111111111,118.13111111111112,78.0,28.0,90,8
340,0.23999999999999996,,24.5,-14.015454545454547,27.0,377.09909090909093,21.84,,,,582.0,10.0,,1.0,,0.0,,-0.2427272727272727,3.160909090909091,0.0,85.0,0.0,66.4,,,,,,,,,,,,,,,,,,39.76363636363636,116.81727272727272,78.0,28.0,90,8
341,0.24000000000000002,,24.5,-30.834444444444443,27.0,376.0911111111111,21.84,,,,582.0,10.0,,1.0,,0.0,,-0.11222222222222222,9.84,0.0,85.0,0.0,66.4,,,,,,,,,,,,,,,,,,47.58666666666667,115.75888888888888,78.0,28.0,90,8
342,0.23999999999999996,,24.5,-39.81454545454545,27.0,375.4472727272727,21.84,,,,582.0,10.0,,1.0,,0.0,,-0.046363636363636364,13.994545454545454,0.0,85.0,0.0,66.3,,,,,,,,,,,,,,,,,,39.871818181818185,115.42636363636365,78.0,28.0,90,8
343,0.24000000000000002,,24.5,2.0299999999999994,27.0,378.1922222222222,21.84,,,,582.0,10.0,,1.0,,0.0,,-0.36444444444444446,-1.891111111111111,0.0,85.0,0.0,66.3,,,,,,,,,,,,,,,,,,19.483333333333334,114.72666666666666,78.0,28.0,90,8
344,0.23999999999999996,,24.5,41.02,27.0,381.10636363636365,21.84,,,,582.0,10.0,,1.0,,0.0,,-0.6509090909090909,-18.19090909090909,0.0,85.0,0.0,66.33,,,,,,,,,,,,,,,,,,15.945454545454545,112.77181818181818,78.0,28.0,90,8
345,0.24000000000000002,,24.5,39.0,27.0,381.3388888888889,21.84,,,,582.0,10.0,,1.0,,0.0,,-0.67,-18.04888888888889,0.0,85.0,0.0,66.4,,,,,,,,,,,,,,,,,,17.272222222222222,110.48444444444445,78.0,28.0,90,8
346,0.23999999999999996,,24.5,23.042727272727273,27.0,380.49636363636364,21.84,,,,582.0,10.0,,1.0,,0.0,,-0.52,-10.863636363636363,0.0,85.0,0.0,66.4,,,,,,,,,,,,,,,,,,22.05818181818182,108.73818181818181,78.0,28.0,90,8
347,0.24000000000000002,,24.5,20.22888888888889,27.0,380.4577777777778,21.84,,,,582.0,10.0,,1.0,,0.0,,-0.48888888888888893,-9.682222222222222,0.0,85.0,0.0,66.4,,,,,,,,,,,,,,,,,,22.75888888888889,107.33555555555556,78.0,28.0,90,8
348,0.23090909090909092,,24.5,45.20545454545454,27.0,382.1718181818182,21.84,,,,582.0,10.0,,1.0,,0.0,,-0.6418181818181817,-21.569090909090907,0.0,85.0,0.0,66.4,,,,,,,,,,,,,,,,,,14.22909090909091,105.65818181818182,78.0,28.0,90,8
349,0.21777777777777776,,24.5,8.713333333333333,27.0,380.21444444444444,21.84,,,,582.0,10.0,,1.0,,0.0,,-0.32666666666666666,-5.955555555555556,0.0,85.0,0.0,66.4,,,,,,,,,,,,,,,,,,32.31333333333333,103.69555555555556,78.0,28.0,90,8
350,0.23999999999999996,,24.5,-7.8518181818181825,27.0,378.9336363636364,21.84,,,,582.0,10.0,,1.0,,0.0,,-0.27,1.8163636363636364,0.0,85.0,0.0,66.4,,,,,,,,,,,,,,,,,,33.878181818181815,103.26272727272728,78.0,28.0,90,8
351,0.24000000000000002,,24.5,18.301111111111112,27.0,380.71666666666664,21.84,,,,582.0,10.0,,1.0,,0.0,,-0.41111111111111115,-9.333333333333334,0.0,85.0,0.0,66.4,,,,,,,,,,,,,,,,,,23.705555555555556,102.39444444444445,78.0,28.0,90,8
352,0.23999999999999996,,24.5,-2.982727272727273,27.0,379.48636363636365,21.84,,,,582.0,10.0,,1.0,,0.0,,-0.2727272727272727,0.2745454545454545,0.0,85.0,0.0,66.4,,,,,,,,,,,,,,,,,,33.42909090909091,101.58363636363637,78.0,28.0,90,8
353,0.24000000000000002,,24.5,-11.526666666666666,27.0,378.86777777777775,21.84,,,,582.0,10.0,,1.0,,0.0,,-0.16666666666666666,3.2422222222222223,0.0,85.0,0.0,66.4,,,,,,,,,,,,,,,,,,37.97888888888889,101.13777777777779,78.0,28.0,90,8
354,0.23999999999999996,,24.5,-10.786363636363637,27.0,378.9,21.84,,,,582.0,10.0,,1.0,,0.0,,-0.16181818181818183,2.9545454545454546,0.0,85.0,0.0,66.4,,,,,,,,,,,,,,,,,,37.82272727272727,100.93636363636364,78.0,28.0,90,8
355,0.24000000000000002,,24.5,-10.881111111111112,27.0,378.9,21.84,,,,582.0,10.0,,1.0,,0.0,,-0.19666666666666666,3.02,0.0,85.0,0.0,66.4,,,,,,,,,,,,,,,,,,37.83444444444444,100.71666666666667,78.0,28.0,90,8
356,0.23999999999999996,,24.5,-10.836363636363636,27.0,378.9,21.84,,,,582.0,10.0,,1.0,,0.0,,-0.17181818181818181,2.9545454545454546,0.0,85.0,0.0,66.4,,,,,,,,,,,,,,,,,,37.71272727272727,100.55454545454545,78.0,28.0,90,8
357,0.24000000000000002,,24.5,-11.026666666666666,27.0,378.96777777777777,21.84,,,,582.0,10.0,,1.0,,0.0,,-0.17777777777777778,3.0,0.0,85.0,0.0,66.4,,,,,,,,,,,,,,,,,,37.77222222222222,100.40666666666667,78.0,28.0,90,8
358,0.23999999999999996,,24.5,-11.129090909090909,27.0,378.97181818181815,21.84,,,,582.0,10.0,,1.0,,0.0,,-0.18181818181818182,3.0,0.0,85.0,0.0,66.4,,,,,,,,,,,,,,,,,,37.951818181818176,100.25090909090909,78.0,28.0,90,8
359,0.24000000000000002,,24.5,-11.421111111111111,27.0,378.94555555555553,21.84,,,,582.0,10.0,,1.0,,0.0,,-0.1811111111111111,3.2244444444444444,0.0,85.0,0.0,66.4,,,,,,,,,,,,,,,,,,37.80555555555556,100.14777777777778,78.0,28.0,90,8
360,0.23999999999999996,,24.5,-10.17090909090909,27.0,379.0609090909091,21.84,,,,582.0,10.0,,1.0,,0.0,,-0.19363636363636363,2.727272727272727,0.0,85.0,0.0,66.4,,,,,,,,,,,,,,,,,,36.943636363636365,100.09454545454545,78.0,28.0,90,8
361,0.23888888888888887,,24.5,-11.933333333333334,27.0,378.9644444444445,21.84,,,,582.0,10.0,,1.0,,0.0,,-0.21555555555555556,3.4266666666666667,0.0,85.0,0.0,66.4,,,,,,,,,,,,,,,,,,38.32888888888888,99.96111111111111,78.0,28.0,90,8
362,0.21,,24.5,-15.443636363636363,27.0,378.7709090909091,21.84,,,,582.0,10.0,,1.0,,4.516363636363636,,-0.12181818181818183,4.952727272727273,0.0,85.0,0.0,66.4,,,,,,,,,,,,,,,,,,41.38454545454545,100.00090909090909,78.0,28.0,90,8
363,0.20777777777777776,,24.5,-19.65222222222222,27.0,378.49666666666667,21.84,,,,582.0,10.0,,1.0,,0.6133333333333333,,-0.09777777777777778,6.795555555555556,0.0,85.0,0.0,66.4,,,,,,,,,,,,,,,,,,42.132222222222225,100.16333333333334,78.0,28.0,90,8
364,0.21727272727272728,,24.5,-17.384545454545453,27.0,378.5709090909091,21.84,,,,582.0,10.0,,1.0,,0.0,,-0.13454545454545455,6.15090909090909,0.0,85.0,0.0,66.4,,,,,,,,,,,,,,,,,,40.6390909090909,100.45181818181818,78.0,28.0,90,8
365,0.2277777777777778,,24.5,48.28,27.0,382.73,21.84,,,,582.0,10.0,,1.0,,0.0,,-0.7055555555555555,-22.635555555555555,0.07666666666666666,85.0,0.0,66.4,,,,,,,,,,,,,,,,,,4.23888888888889,100.08777777777777,78.0,28.0,90,8
366,0.23636363636363636,,24.5,131.13181818181818,27.0,388.87272727272733,21.84,,,,582.0,10.0,,1.0,,0.0,,-1.5336363636363637,-69.50272727272727,1.0,85.0,0.0,66.4,,,,,,,,,,,,,,,,,,1.018181818181818,96.25363636363636,78.0,28.0,90,8
367,0.22111111111111112,,24.5,47.53222222222222,27.0,384.15444444444444,21.84,,,,582.0,10.0,,1.0,,0.0,,-0.69,-27.75,0.7777777777777778,85.0,0.0,66.4,,,,,,,,,,,,,,,,,,30.214444444444446,92.29555555555555,78.0,28.0,90,8
368,0.20181818181818184,,24.5,-9.88090909090909,27.0,380.0781818181818,21.84,,,,582.0,10.0,,1.0,,0.0,,-0.19272727272727275,3.1672727272727275,0.0,85.0,0.0,66.5,,,,,,,,,,,,,,,,,,37.155454545454546,91.84818181818181,78.0,28.0,90,8
369,0.2,,24.5,-8.912222222222223,27.0,380.03444444444443,21.84,,,,582.0,10.0,,1.0,,0.0,,-0.1922222222222222,2.5166666666666666,0.0,85.0,0.0,66.5,,,,,,,,,,,,,,,,,,35.06777777777777,91.92222222222223,78.0,28.0,90,8
370,0.20545454545454545,,24.5,15.424545454545456,27.0,381.59090909090907,21.84,,,,582.0,10.0,,1.0,,0.0,,-0.4272727272727273,-9.22181818181818,0.0,85.0,0.0,66.5,,,,,,,,,,,,,,,,,,23.94545454545455,91.38454545454546,78.0,28.0,90,8
371,0.21555555555555556,,24.5,10.89,27.0,381.41555555555556,21.84,,,,582.0,9.94888888888889,,1.0,,0.0,,-0.3244444444444444,-6.422222222222222,0.0,85.0,0.0,66.5,,,,,,,,,,,,,,,,,,25.675555555555558,90.57,78.0,28.0,90,8
372,0.22545454545454546,,24.5,67.23181818181818,27.0,385.0554545454545,21.86,,,,582.0,9.573636363636364,,1.0,,0.0,,-0.9045454545454544,-36.17272727272727,0.2727272727272727,85.0,0.0,66.5,,,,,,,,,,,,,,,,,,7.28,89.18272727272728,78.0,28.0,90,8
373,0.23555555555555557,,24.5,133.65555555555557,27.0,389.97222222222223,21.981111111111108,,,,582.0,9.5,,1.0,,0.0,,-1.7155555555555555,-78.15,1.0,85.0,0.0,66.5,,,,,,,,,,,,,,,,,,0.0,84.43222222222222,78.0,28.0,90,8
374,0.26363636363636367,,24.5,130.16,27.0,390.25272727272727,22.0,,,,582.0,9.5,,1.0,,0.0,,-1.6954545454545453,-82.25454545454545,1.0,85.0,0.0,66.6,,,,,,,,,,,,,,,,,,0.0,78.41272727272727,78.0,28.0,90,8
375,0.24666666666666665,,24.5,121.42222222222222,27.0,390.0833333333333,22.0,,,,582.0,9.5,,1.0,,0.0,,-1.7722222222222221,-83.78888888888889,1.0,85.0,0.0,66.6,,,,,,,,,,,,,,,,,,0.0,72.17777777777778,78.5,28.0,90,8
376,0.23999999999999996,,24.5,109.75272727272727,27.0,389.65,22.0,,,,582.0,9.5,,1.0,,4.516363636363636,,-1.7045454545454546,-83.91818181818182,1.0,85.0,0.0,66.7,,,,,,,,,,,,,,,,,,0.0,65.88181818181819,78.5,28.0,90,8
377,0.24000000000000002,,24.5,98.56666666666666,27.0,389.17,22.0,,,,582.0,9.5,,1.0,,0.6133333333333333,,-1.7644444444444445,-83.8111111111111,1.0,85.0,0.0,66.7,,,,,,,,,,,,,,,,,,0.0,59.51222222222222,78.5,28.0,90,8
378,0.23999999999999996,,24.5,78.36545454545454,27.0,388.1181818181818,22.0,,,,582.0,9.5,,1.0,,0.0,,-1.5636363636363635,-76.60545454545455,1.0,85.0,0.0,66.8,,,,,,,,,,,,,,,,,,16.458181818181817,53.191818181818185,78.5,28.0,90,8
379,0.24000000000000002,,24.5,-56.45666666666667,27.0,379.42555555555555,22.0,,,,582.0,9.5,,1.0,,0.0,,0.7377777777777779,47.739999999999995,0.3333333333333333,85.0,0.0,66.8,,,,,,,,,,,,,,,,,,51.49555555555556,50.836666666666666,78.5,28.0,90,8
380,0.23999999999999996,,24.5,-65.40818181818182,27.0,378.0627272727272,22.0,,,,582.0,9.5,,1.0,,0.0,,0.7899999999999999,54.940909090909095,0.0,85.0,0.0,66.8,,,,,,,,,,,,,,,,,,46.91454545454545,53.73545454545455,78.5,28.0,90,8
381,0.24000000000000002,,24.5,-23.378888888888888,27.0,380.4811111111111,22.0,,,,582.0,9.5,,1.0,,0.0,,0.19333333333333333,18.366666666666667,0.0,85.0,0.0,66.7,,,,,,,,,,,,,,,,,,31.123333333333335,55.18888888888889,78.5,28.0,90,8
382,0.23999999999999996,,24.5,25.726363636363637,27.0,383.69545454545454,22.0,,,,582.0,9.5,,1.0,,0.0,,-0.5963636363636363,-24.522727272727273,0.0,85.0,0.0,66.7,,,,,,,,,,,,,,,,,,14.96,53.974545454545456,78.5,28.0,90,8
383,0.24000000000000002,,24.5,38.400000000000006,27.0,384.80333333333334,22.0,,,,582.0,9.5,,1.0,,0.0,,-0.8744444444444445,-39.27777777777778,0.0,85.0,0.0,66.73,,,,,,,,,,,,,,,,,,14.05888888888889,50.583333333333336,78.5,28.0,90,8
384,0.23999999999999996,,24.5,40.93363636363636,27.0,385.0718181818182,22.0,,,,582.0,9.5,,1.0,,0.0,,-0.990909090909091,-45.195454545454545,0.0,85.0,0.0,66.8,,,,,,,,,,,,,,,,,,12.054545454545455,47.00272727272727,78.5,28.0,90,8
385,0.24000000000000002,,24.5,54.153333333333336,27.0,386.12,22.0,,,,582.0,9.5,,1.0,,0.0,,-1.3755555555555554,-67.73555555555555,0.6666666666666666,85.0,0.0,66.8,,,,,,,,,,,,,,,,,,6.152222222222223,42.50555555555556,78.5,28.0,90,8
386,0.23999999999999996,,24.5,6.369090909090908,27.0,383.16636363636366,22.0,,,,582.0,9.5,,1.0,,0.0,,-0.3063636363636364,-11.804545454545455,0.45454545454545453,85.0,0.0,66.8,,,,,,,,,,,,,,,,,,30.221818181818183,38.61363636363637,78.5,28.0,90,8
387,0.24000000000000002,,24.5,6.275555555555555,27.0,382.9377777777778,22.0,,,,582.0,9.5,,1.0,,0.0,,-0.35888888888888887,-10.394444444444444,0.0,85.0,0.0,66.8,,,,,,,,,,,,,,,,,,20.61,37.553333333333335,78.5,28.0,90,8
388,0.2427272727272727,,24.5,-2.5090909090909093,27.0,382.40090909090907,22.0,,,,582.0,9.5,,1.0,,0.0,,-0.13727272727272727,-1.0263636363636364,0.0,85.0,0.0,66.8,,,,,,,,,,,,,,,,,,32.46727272727273,36.058181818181815,78.5,28.0,90,8
389,0.25777777777777783,,24.5,-18.026666666666667,27.0,381.3333333333333,22.0,,,,582.0,9.5,,1.0,,0.0,,0.1811111111111111,18.725555555555555,0.0,85.0,0.0,66.8,,,,,,,,,,,,,,,,,,43.833333333333336,35.77111111111111,78.5,28.0,90,8
390,0.2736363636363637,,24.5,-48.34818181818182,27.0,379.09636363636366,22.0,,,,582.0,9.5,,1.0,,0.0,,0.8390909090909091,55.86818181818182,0.0,85.0,0.0,66.8,,,,,,,,,,,,,,,,,,44.52727272727273,37.64363636363636,78.5,28.0,90,8
391,0.24666666666666665,,24.5,-19.938888888888886,27.0,380.72222222222223,22.0,,,,582.0,9.5,,1.0,,0.0,,0.20444444444444446,20.33,0.0,85.0,0.0,66.8,,,,,,,,,,,,,,,,,,37.96111111111111,39.184444444444445,78.5,28.0,90,8
392,0.23999999999999996,,24.5,-12.133636363636363,27.0,381.23545454545456,22.0,,,,582.0,9.5,,1.0,,0.0,,0.0027272727272727284,11.19090909090909,0.0,85.0,0.0,66.8,,,,,,,,,,,,,,,,,,37.18909090909091,38.97181818181818,78.5,28.0,90,8
393,0.24000000000000002,,24.5,-15.18,27.0,381.0222222222222,22.0,,,,582.0,9.5,,1.0,,0.0,,0.09333333333333334,14.481111111111112,0.0,85.0,0.0,66.8,,,,,,,,,,,,,,,,,,40.916666666666664,38.52333333333334,78.5,28.0,90,8
394,0.23999999999999996,,24.5,-42.49727272727273,27.0,379.18545454545455,22.0,,,,582.0,9.5,,1.0,,0.0,,0.6481818181818182,45.51909090909091,0.0,85.0,0.0,66.8,,,,,,,,,,,,,,,,,,47.16545454545455,39.22090909090909,78.5,28.0,90,8
395,0.25777777777777783,,24.5,-36.52777777777778,27.0,379.2933333333333,22.0,,,,582.0,9.5,,1.0,,0.0,,0.5344444444444444,39.364444444444445,0.0,85.0,0.0,66.7,,,,,,,,,,,,,,,,,,40.55111111111111,41.15777777777778,78.5,28.0,90,8
396,0.28,,24.5,-16.875454545454545,27.0,380.5290909090909,22.0,,,,582.0,9.5,,1.0,,0.0,,0.16272727272727272,15.83090909090909,0.0,85.0,0.0,66.7,,,,,,,,,,,,,,,,,,37.051818181818184,41.29909090909091,78.5,28.0,90,8
397,0.24444444444444446,,24.5,-13.878888888888888,27.0,380.7655555555556,22.0,,,,582.0,9.5,,1.0,,0.0,,0.07777777777777778,11.991111111111111,0.0,85.0,0.0,66.7,,,,,,,,,,,,,,,,,,41.38333333333333,40.66444444444445,78.5,28.0,90,8
398,0.23999999999999996,,24.5,-57.28545454545454,27.0,377.8845454545454,22.0,,,,582.0,9.5,,1.0,,0.0,,0.8481818181818181,58.841818181818184,0.0,85.0,0.0,66.7,,,,,,,,,,,,,,,,,,50.02272727272727,41.53454545454545,78.5,28.0,90,8
399,0.24000000000000002,,24.5,-77.49666666666667,27.0,376.19444444444446,22.0,,,,582.0,9.5,,1.0,,0.0,,1.1544444444444446,77.17666666666668,0.0,85.0,0.0,66.7,,,,,,,,,,,,,,,,,,50.34222222222222,44.62777777777777,78.5,28.0,90,8
400,0.23999999999999996,,24.5,-66.22454545454546,27.0,376.66,22.0,,,,582.0,9.5,,1.0,,0.0,,0.9445454545454546,62.593636363636364,0.0,85.0,0.0,66.6,,,,,,,,,,,,,,,,,,46.08181818181818,47.698181818181816,78.5,28.0,90,8
401,0.24000000000000002,,24.5,-18.218888888888888,27.0,379.6744444444445,22.0,,,,582.0,9.5,,1.0,,0.0,,0.13777777777777778,15.266666666666667,0.0,85.0,0.0,66.6,,,,,,,,,,,,,,,,,,29.46888888888889,48.87888888888889,78.5,28.0,90,8
402,0.23999999999999996,,24.5,6.541818181818181,27.0,381.4690909090909,22.0,,,,582.0,9.5,,1.0,,0.0,,-0.30363636363636365,-8.336363636363636,0.0,85.0,0.0,66.6,,,,,,,,,,,,,,,,,,23.423636363636362,47.73818181818182,78.5,28.0,90,8
403,0.24000000000000002,,24.5,54.897777777777776,27.0,384.7911111111111,22.0,,,,582.0,9.5,,1.0,,0.0,,-1.3411111111111111,-63.173333333333325,0.6666666666666666,85.0,0.0,66.6,,,,,,,,,,,,,,,,,,0.6433333333333333,44.516666666666666,78.5,28.0,90,8
404,0.23090909090909092,,24.5,58.154545454545456,27.0,385.53545454545457,22.0,,,,582.0,9.5,,1.0,,0.0,,-1.63,-81.90181818181817,1.0,85.0,0.0,66.6,,,,,,,,,,,,,,,,,,3.4745454545454546,37.908181818181816,78.5,28.0,90,8
405,0.20888888888888887,,24.5,15.993333333333332,27.0,382.97999999999996,22.0,,,,582.0,9.5,,1.0,,0.0,,-0.5666666666666667,-27.11888888888889,0.5877777777777777,85.0,0.0,66.7,,,,,,,,,,,,,,,,,,18.814444444444444,33.099999999999994,78.5,28.0,90,8
406,0.2,,24.5,40.095454545454544,27.0,384.53909090909093,22.0,,,,582.0,9.5,,1.0,,0.0,,-1.5036363636363637,-76.09818181818183,0.8181818181818182,85.0,0.0,66.7,,,,,,,,,,,,,,,,,,0.0,28.955454545454543,78.5,28.0,90,8
407,0.2,,24.5,33.05111111111111,27.0,384.29555555555555,22.0,,,,582.0,9.5,,1.0,,0.0,,-1.6122222222222222,-83.83444444444444,1.0,85.0,0.0,66.7,,,,,,,,,,,,,,,,,,0.0,22.47222222222222,78.5,28.0,90,8
408,0.2,,24.5,21.77,27.0,383.62272727272733,22.0,,,,582.0,9.5,,1.0,,0.0,,-1.5836363636363637,-83.88363636363637,1.0,85.0,0.0,66.7,,,,,,,,,,,,,,,,,,0.0,15.94909090909091,78.5,28.0,90,8
409,0.2,,24.5,10.725555555555555,27.0,382.92555555555555,22.0,,,,582.0,9.5,,1.0,,0.0,,-1.6044444444444446,-84.0488888888889,1.0,85.0,0.0,66.7,,,,,,,,,,,,,,,,,,0.0,9.547777777777778,78.5,28.0,90,8
410,0.2,,24.5,0.5063636363636365,27.0,382.21454545454543,22.0,,,,582.0,9.5,,1.0,,0.0,,-1.1581818181818182,-62.345454545454544,1.0,85.0,0.0,66.7,,,,,,,,,,,,,,,,,,8.539090909090909,3.5109090909090908,78.5,28.0,90,8
411,0.2,,24.5,-8.26,27.0,381.64444444444445,22.0,,,,582.0,9.5,,1.0,,0.0,,1.078888888888889,63.89333333333333,0.1111111111111111,85.0,0.0,66.7,,,,,,,,,,,,,,,,,,28.760000000000005,2.108888888888889,78.5,28.0,90,8
412,0.2,,24.5,-18.177777777777777,27.0,380.8888888888889,22.0,,,,582.0,9.5,,1.0,,0.0,,1.5666666666666667,95.62888888888888,0.0,85.0,0.0,66.7,,,,,,,,,,,,,,,,,,33.32222222222222,6.055555555555555,78.5,28.0,90,8
