Time [s],Current [A],Voltage [V],Temperature [Â°C],SoC [%],HVAC,SegmentType
0,34.88272727272727,390.8081818181818,12.0,85.5,False,driving
1,36.50333333333333,391.0244444444445,12.0,85.5,False,driving
2,40.90636363636364,391.6972727272727,12.0,85.5,False,driving
3,28.446666666666665,390.5366666666666,12.0,85.5,False,driving
4,7.598181818181818,388.37545454545455,12.0,85.5,False,driving
5,-12.456666666666669,385.9755555555556,12.0,85.5,False,driving
6,-41.900909090909096,382.6572727272727,12.0,85.5,False,driving
7,-72.08555555555556,379.00111111111113,12.0,85.5,False,driving
8,-59.32727272727273,379.91,12.0,85.5,False,driving
9,-4.754444444444444,385.8622222222223,12.0,85.5,False,driving
10,-0.7700000000000002,386.75181818181824,12.0,85.5,False,driving
11,-15.48,385.1133333333333,12.0,85.5,False,driving
12,-19.439090909090908,384.6763636363636,12.0,85.5,False,driving
13,-21.622222222222224,384.4055555555556,12.0,85.5,False,driving
14,-21.26181818181818,384.34,12.0,85.5,False,driving
15,-18.285555555555558,384.6066666666667,12.0,85.5,False,driving
16,-11.539090909090907,385.4790909090909,12.0,85.5,False,driving
17,0.0877777777777777,386.8888888888889,12.0,85.5,False,driving
18,-0.4636363636363636,386.90090909090907,12.0,85.5,False,driving
19,-5.997777777777777,386.23333333333335,12.0,85.5,False,driving
20,-6.347272727272728,386.27818181818185,12.0,85.5,False,driving
21,-6.916666666666667,386.2088888888889,12.0,85.5,False,driving
22,-9.41090909090909,386.02272727272725,12.0,85.5,False,driving
23,-12.453333333333331,385.6633333333333,12.0,85.5,False,driving
24,-17.34,385.0254545454545,12.0,85.5,False,driving
25,-18.296666666666667,384.91,12.0,85.5,False,driving
26,-9.144545454545456,385.9245454545455,12.0,85.5,False,driving
27,10.055555555555555,388.0844444444445,12.0,85.5,False,driving
28,5.28,387.7863636363636,12.0,85.5,False,driving
29,-7.26111111111111,386.3877777777777,12.0,85.5,False,driving
30,-26.773636363636363,384.2845454545455,12.0,85.5,False,driving
31,-51.38111111111111,381.3022222222222,12.0,85.5,False,driving
32,-29.204545454545453,383.5072727272727,12.0,85.5,False,driving
33,-17.407777777777778,384.8377777777778,12.0,85.5,False,driving
34,-9.678181818181818,385.7754545454545,12.0,85.5,False,driving
35,-11.06111111111111,385.7055555555555,12.0,85.5,False,driving
36,-12.782727272727271,385.55727272727273,12.0,85.5,False,driving
37,-13.1,385.5777777777778,12.0,85.5,False,driving
38,-11.345454545454546,385.68545454545455,12.0,85.26,False,driving
39,-5.797777777777778,386.3133333333333,12.0,85.0,False,driving
40,-7.794545454545454,386.22545454545457,12.0,85.0,False,driving
41,-16.043333333333333,385.2655555555555,12.0,85.0,False,driving
42,-39.97181818181818,382.7309090909091,12.0,85.0,False,driving
43,-46.58111111111111,381.53333333333336,12.0,85.0,False,driving
44,-31.41181818181818,383.13818181818186,12.0,85.0,False,driving
45,-24.74333333333333,384.0022222222222,12.0,85.0,False,driving
46,-18.26727272727273,384.69545454545454,12.0,85.0,False,driving
47,-9.791111111111112,385.6088888888889,12.0,85.0,False,driving
48,2.1672727272727275,387.0127272727273,12.0,85.0,False,driving
49,3.051111111111111,387.32,12.0,85.0,False,driving
50,-4.341818181818182,386.55909090909086,12.0,85.0,False,driving
51,-11.761111111111113,385.6933333333333,12.0,85.0,False,driving
52,-21.94363636363636,384.5927272727273,12.0,85.0,False,driving
53,-49.66111111111111,381.50111111111113,12.0,85.0,False,driving
54,-78.93909090909091,377.9145454545455,12.0,85.0,False,driving
55,-77.3488888888889,377.7000000000001,12.0,85.0,False,driving
56,-96.42727272727274,375.5736363636364,12.0,85.0,False,driving
57,-125.44666666666666,372.0511111111112,12.0,85.0,False,driving
58,-99.0418181818182,374.4154545454545,12.0,85.0,False,driving
59,-72.86444444444444,377.24555555555554,12.0,85.0,False,driving
60,-64.7909090909091,378.1845454545455,12.0,85.0,False,driving
61,-83.61444444444444,376.09222222222223,12.0,84.67,False,driving
62,-96.45727272727272,374.4218181818182,12.0,84.5,False,driving
63,-84.69333333333333,375.5022222222222,12.0,84.5,False,driving
64,-68.86,377.0918181818182,12.0,84.5,False,driving
65,-44.71888888888889,379.9111111111111,12.0,84.5,False,driving
66,-39.92090909090909,380.5436363636363,12.0,84.5,False,driving
67,-38.38555555555556,380.7344444444445,12.0,84.5,False,driving
68,-37.123636363636365,380.91909090909087,12.0,84.5,False,driving
69,-2.065555555555555,384.6466666666667,12.0,84.5,False,driving
70,41.38,390.04090909090905,12.0,84.5,False,driving
71,0.3844444444444445,385.8211111111111,12.0,84.5,False,driving
72,-11.942727272727272,384.47181818181815,12.0,84.5,False,driving
73,-27.642222222222223,382.78222222222223,12.0,84.5,False,driving
74,-74.59272727272727,377.4081818181818,12.0,84.5,False,driving
75,-81.39666666666668,376.2255555555556,12.0,84.5,False,driving
76,-76.01363636363637,376.62,12.0,84.5,False,driving
77,-61.446666666666665,377.98777777777775,12.0,84.5,False,driving
78,-31.328181818181815,381.43,12.0,84.5,False,driving
79,-5.397777777777778,384.4255555555556,12.0,84.5,False,driving
80,14.512727272727272,386.8818181818182,12.0,84.5,False,driving
81,7.967777777777777,386.4644444444445,12.0,84.5,False,driving
82,-7.1463636363636365,384.8936363636364,12.0,84.5,False,driving
83,-14.664444444444444,384.0633333333333,12.0,84.5,False,driving
84,-4.758181818181819,385.0945454545454,12.0,84.5,False,driving
85,13.813333333333333,387.3122222222222,12.0,84.5,False,driving
86,11.210909090909093,387.1836363636364,12.0,84.5,False,driving
87,-1.1133333333333335,385.9911111111112,12.0,84.5,False,driving
88,-9.183636363636364,385.10090909090906,12.0,84.5,False,driving
89,-15.025555555555554,384.3544444444444,12.0,84.5,False,driving
90,-15.794545454545457,384.3054545454545,12.0,84.5,False,driving
91,-26.36555555555556,383.0488888888889,12.0,84.0,False,driving
92,-62.36181818181819,379.1072727272728,12.0,84.0,False,driving
93,-69.83111111111111,377.62111111111113,12.0,84.0,False,driving
94,-32.334545454545456,381.7827272727272,12.0,84.0,False,driving
95,-27.432222222222222,382.37888888888887,12.0,84.0,False,driving
96,-36.96909090909091,381.4290909090909,12.0,84.0,False,driving
97,-51.34111111111111,379.8044444444444,12.0,84.0,False,driving
98,-55.25636363636364,379.14818181818185,12.0,84.0,False,driving
99,-25.5,382.34777777777776,12.0,84.0,False,driving
100,-18.523636363636363,383.3081818181818,12.0,84.0,False,driving
101,-29.203333333333333,382.22,12.0,84.0,False,driving
102,-16.885454545454547,383.5081818181818,12.0,84.0,False,driving
103,5.457777777777777,386.1255555555556,12.0,84.0,False,driving
104,-5.55,385.1045454545454,12.0,84.0,False,driving
105,-19.941111111111116,383.49888888888887,12.0,84.0,False,driving
106,-65.13727272727273,378.6154545454545,12.0,84.0,False,driving
107,-101.23666666666666,374.0866666666666,12.0,84.0,False,driving
108,-48.559090909090905,379.4218181818182,12.0,84.0,False,driving
109,-22.866666666666667,382.4766666666667,12.0,84.0,False,driving
110,-12.61,383.7709090909091,12.0,84.0,False,driving
111,-12.78,383.9588888888889,12.0,84.0,False,driving
112,-13.447272727272727,383.94545454545454,12.0,84.0,False,driving
113,-13.658888888888889,383.96333333333337,12.0,84.0,False,driving
114,-19.76,383.31545454545454,12.0,84.0,False,driving
115,-30.127777777777776,382.07444444444445,12.0,84.0,False,driving
116,-35.66090909090909,381.53,12.0,84.0,False,driving
117,-41.41,380.7344444444445,12.0,84.0,False,driving
118,-39.79545454545455,380.8,12.0,83.5,False,driving
119,-35.47555555555555,381.2255555555556,12.0,83.5,False,driving
120,-19.51818181818182,383.03545454545457,12.0,83.5,False,driving
121,-7.862222222222223,384.4533333333333,12.0,83.5,False,driving
122,-0.1263636363636363,385.38818181818186,12.0,83.5,False,driving
123,4.54111111111111,386.0655555555556,12.0,83.5,False,driving
124,-4.854545454545455,385.2018181818182,12.0,83.5,False,driving
125,-9.112222222222222,384.7511111111111,12.0,83.5,False,driving
126,-20.81,383.4045454545454,12.0,83.5,False,driving
127,-20.950000000000003,383.2655555555555,12.0,83.5,False,driving
128,-16.995454545454546,383.76454545454544,12.0,83.5,False,driving
129,-20.49,383.4188888888889,12.0,83.5,False,driving
130,-57.13999999999999,379.38272727272727,12.0,83.5,False,driving
131,-87.65333333333334,375.55,12.0,83.5,False,driving
132,-48.77818181818181,379.4836363636363,12.0,83.5,False,driving
133,-20.815555555555555,382.7000000000001,12.0,83.5,False,driving
134,-13.590909090909092,383.7381818181818,12.0,83.5,False,driving
135,-13.85888888888889,383.7633333333333,12.0,83.5,False,driving
136,-15.794545454545457,383.65,12.0,83.5,False,driving
137,-11.66777777777778,384.07,12.0,83.5,False,driving
138,-11.460909090909093,384.1809090909091,12.0,83.5,False,driving
139,-6.164444444444445,384.8355555555556,12.0,83.5,False,driving
140,-7.859090909090909,384.7663636363637,12.0,83.5,False,driving
141,-19.185555555555556,383.54,12.0,83.5,False,driving
142,-31.569090909090907,382.02818181818185,12.0,83.5,False,driving
143,-38.26222222222222,381.21777777777777,12.0,83.5,False,driving
144,-35.805454545454545,381.37,12.0,83.5,False,driving
145,-14.107777777777777,383.68,12.0,83.5,False,driving
146,-16.324545454545454,383.5863636363636,12.0,83.5,False,driving
147,-30.11555555555556,382.13,12.0,83.5,False,driving
148,-35.232727272727274,381.44,12.0,83.5,False,driving
149,-20.674444444444443,383.0511111111112,12.0,83.5,False,driving
150,-23.61,382.8045454545455,12.0,83.5,False,driving
151,-34.20555555555556,381.6055555555556,12.0,83.5,False,driving
152,-35.10181818181818,381.4145454545455,12.0,83.5,False,driving
153,-39.31111111111111,380.8911111111111,12.0,83.5,False,driving
154,-42.53,380.4472727272727,12.0,83.0,False,driving
155,-60.03777777777778,378.4911111111112,12.0,83.0,False,driving
156,-74.56818181818181,376.6445454545455,12.0,83.0,False,driving
157,-69.39777777777778,376.9133333333333,12.0,83.0,False,driving
158,6.532727272727274,385.00909090909096,12.0,83.0,False,driving
159,75.49888888888889,393.4344444444444,12.0,83.0,False,driving
160,55.04545454545455,391.9436363636364,12.0,83.0,False,driving
161,10.927777777777775,387.3255555555556,12.0,83.0,False,driving
162,-9.4,384.8490909090909,12.0,83.0,False,driving
163,-24.93555555555556,383.1711111111111,12.0,83.0,False,driving
164,-88.05272727272727,375.92545454545456,12.0,83.0,False,driving
165,-70.53666666666668,377.2022222222222,12.0,83.0,False,driving
166,-37.10454545454545,380.75,12.0,83.0,False,driving
167,-17.09777777777778,383.1611111111111,12.0,83.0,False,driving
168,-8.893636363636363,384.2172727272728,12.0,83.0,False,driving
169,-6.188888888888889,384.65333333333336,12.0,83.0,False,driving
170,-0.9836363636363636,385.24545454545455,12.0,83.0,False,driving
171,22.49777777777778,387.9622222222222,12.0,83.0,False,driving
172,32.95272727272727,389.4054545454546,12.0,83.0,False,driving
173,24.11888888888889,388.7644444444445,12.0,83.0,False,driving
174,-0.7727272727272727,386.0290909090909,12.0,83.0,False,driving
175,-8.038888888888888,385.1188888888889,12.0,83.0,False,driving
176,-13.755454545454546,384.4154545454545,12.0,83.0,False,driving
177,-13.484444444444444,384.3522222222222,12.0,83.0,False,driving
178,-11.44181818181818,384.66909090909087,12.0,83.0,False,driving
179,0.8222222222222223,385.9922222222222,12.0,83.0,False,driving
180,17.157272727272726,387.8290909090909,12.0,83.0,False,driving
181,26.715555555555557,389.1744444444445,12.0,83.0,False,driving
182,16.061818181818182,388.1990909090909,12.0,83.0,False,driving
183,20.141111111111112,388.57,12.0,83.0,False,driving
184,10.663636363636364,387.70454545454544,12.0,83.0,False,driving
185,-1.0733333333333333,386.38,12.0,83.0,False,driving
186,8.305454545454545,387.3963636363636,12.0,83.0,False,driving
187,-0.55,386.5177777777778,12.0,83.0,False,driving
188,-4.767272727272727,385.9772727272728,12.0,83.0,False,driving
189,3.6944444444444446,386.82666666666665,12.0,83.0,False,driving
190,21.58363636363637,388.9272727272728,12.0,83.0,False,driving
191,5.91,387.4333333333333,12.0,83.0,False,driving
192,-2.047272727272728,386.4390909090909,12.0,83.0,False,driving
193,-3.098888888888889,386.2677777777778,12.0,83.0,False,driving
194,-9.963636363636365,385.5236363636364,12.0,83.0,False,driving
195,-17.124444444444446,384.6888888888889,12.0,83.0,False,driving
196,-15.962727272727273,384.64818181818185,12.0,83.0,False,driving
197,-3.3000000000000003,385.9922222222223,12.0,83.0,False,driving
198,-3.8,386.0772727272728,12.0,83.0,False,driving
199,-0.4677777777777778,386.5,12.0,83.0,False,driving
200,-3.627272727272727,386.18545454545455,12.0,83.0,False,driving
201,-12.44111111111111,385.2255555555555,12.0,83.0,False,driving
202,-27.65727272727273,383.5054545454546,12.0,83.0,False,driving
203,-47.12777777777777,381.1744444444445,12.0,83.0,False,driving
204,-9.435454545454546,384.90363636363634,12.0,83.0,False,driving
205,-3.627272727272727,386.18545454545455,22.0,78.5,True,driving
206,-10.251777777777779,384.9751111111111,22.0,78.5,True,driving
207,-18.258727272727274,383.5901818181819,22.0,78.5,True,driving
208,-21.565777777777775,382.6877777777778,22.0,78.5,True,driving
209,-8.480545454545455,383.68472727272734,22.0,78.5,True,driving
210,-10.276666666666666,383.1766666666667,22.0,78.5,True,driving
211,-8.442727272727273,383.28545454545457,22.0,78.5,True,driving
212,-22.24888888888889,382.22333333333336,22.0,78.5,True,driving
213,-36.346363636363634,380.9636363636364,22.0,78.5,True,driving
214,-41.11555555555555,380.4122222222222,22.0,78.5,True,driving
215,-57.55181818181818,378.9581818181818,22.0,78.5,True,driving
216,-74.48777777777778,377.3588888888889,22.0,78.5,True,driving
217,-73.12818181818182,377.2181818181818,22.0,78.5,True,driving
218,-54.44888888888889,378.4622222222222,22.0,78.5,True,driving
219,-28.328181818181815,380.46454545454543,22.0,78.5,True,driving
220,-26.236666666666665,380.69888888888886,22.0,78.5,True,driving
221,-23.182727272727277,380.9227272727272,22.0,78.5,True,driving
222,-19.87,381.2255555555555,22.0,78.5,True,driving
223,-26.19454545454545,380.69909090909096,22.0,78.5,True,driving
224,-23.814444444444447,380.84333333333336,22.0,78.5,True,driving
225,-14.894545454545456,381.55727272727273,22.0,78.5,True,driving
226,-12.466666666666669,381.8133333333333,22.0,78.5,True,driving
227,-8.354545454545455,382.15,22.0,78.5,True,driving
228,-2.555555555555556,382.6744444444445,22.0,78.5,True,driving
229,2.9709090909090907,383.1781818181818,22.0,78.5,True,driving
230,10.08222222222222,383.8177777777778,22.0,78.5,True,driving
231,23.36727272727273,384.9963636363637,22.0,78.5,True,driving
232,7.359999999999999,383.9511111111111,22.0,78.5,True,driving
233,2.1572727272727272,383.5181818181818,22.0,78.5,True,driving
234,13.284444444444444,384.3722222222222,22.0,78.5,True,driving
235,38.27909090909091,386.5272727272728,22.0,78.5,True,driving
236,29.74888888888889,386.1022222222222,22.0,78.5,True,driving
237,13.120909090909093,384.9045454545454,22.0,78.5,True,driving
238,2.895555555555555,384.0655555555556,22.0,78.5,True,driving
239,13.257272727272726,384.86909090909097,22.0,78.5,True,driving
240,7.887777777777777,384.5,22.0,78.5,True,driving
241,-2.152727272727273,383.7636363636364,22.0,78.5,True,driving
242,-6.912222222222223,383.31666666666666,22.0,78.5,True,driving
243,-16.915454545454544,382.48545454545456,22.0,78.5,True,driving
244,-10.05888888888889,382.9333333333333,22.0,78.5,True,driving
245,-3.5254545454545454,383.43545454545455,22.0,78.5,True,driving
246,-13.832222222222224,382.68666666666667,22.0,78.5,True,driving
247,-27.933636363636364,381.4890909090909,22.0,78.5,True,driving
248,-47.24333333333333,379.8044444444444,22.0,78.5,True,driving
249,-32.35636363636364,380.7381818181818,22.0,78.5,True,driving
250,0.7422222222222222,383.3311111111111,22.0,78.5,True,driving
251,6.832727272727272,383.9681818181818,22.0,78.5,True,driving
252,3.5700000000000003,383.8033333333333,22.0,78.5,True,driving
253,-8.362727272727273,382.92,22.0,78.5,True,driving
254,-20.035555555555558,381.9255555555556,22.0,78.5,True,driving
255,-23.163636363636364,381.58272727272725,22.0,78.5,True,driving
256,-19.482222222222223,381.7966666666667,22.0,78.5,True,driving
257,-22.075454545454544,381.5845454545455,22.0,78.5,True,driving
258,-10.495555555555557,382.4255555555556,22.0,78.5,True,driving
259,6.869999999999999,383.8209090909091,22.0,78.5,True,driving
260,12.488888888888887,384.4066666666666,22.0,78.5,True,driving
261,11.902727272727274,384.4772727272728,22.0,78.5,True,driving
262,12.564444444444444,384.58222222222224,22.0,78.5,True,driving
263,4.425454545454546,384.0272727272728,22.0,78.5,True,driving
264,11.66222222222222,384.5944444444444,22.0,78.5,True,driving
265,3.1763636363636363,384.0472727272728,22.0,78.5,True,driving
266,-2.042222222222222,383.6,22.0,78.5,True,driving
267,-0.8045454545454546,383.6745454545455,22.0,78.5,True,driving
268,0.6133333333333333,383.7966666666667,22.0,78.5,True,driving
269,-2.1263636363636365,383.60909090909087,22.0,78.5,True,driving
270,-3.78,383.4966666666666,22.0,78.5,True,driving
271,-4.426363636363636,383.3918181818181,22.0,78.5,True,driving
272,-10.69,382.9122222222222,22.0,78.5,True,driving
273,-16.23818181818182,382.4281818181818,22.0,78.5,True,driving
274,-17.538888888888888,382.2655555555555,22.0,78.5,True,driving
275,-14.390909090909092,382.42,22.0,78.5,True,driving
276,-2.9811111111111117,383.3611111111111,22.0,78.5,True,driving
277,-35.25545454545455,380.8145454545455,22.0,78.5,True,driving
278,-33.892222222222216,380.7188888888888,22.0,78.0,True,driving
279,-33.49818181818182,380.64818181818185,22.0,78.0,True,driving
280,-31.974444444444444,380.65222222222224,22.0,78.0,True,driving
281,-32.00454545454546,380.5672727272727,22.0,78.0,True,driving
282,-26.593333333333334,380.9244444444445,22.0,78.0,True,driving
283,-38.10727272727273,379.9963636363637,22.0,78.0,True,driving
284,-35.90222222222222,380.01,22.0,78.0,True,driving
285,-14.976363636363637,381.6054545454545,22.0,78.0,True,driving
286,-9.773333333333332,382.1022222222222,22.0,78.0,True,driving
287,-10.31,382.0981818181818,22.0,78.0,True,driving
288,-9.632222222222222,382.1666666666667,22.0,78.0,True,driving
289,-9.754545454545454,382.1827272727273,22.0,78.0,True,driving
290,-8.353333333333333,382.2911111111111,22.0,78.0,True,driving
291,-7.337272727272727,382.39,22.0,78.0,True,driving
292,-8.721111111111112,382.3211111111111,22.0,78.0,True,driving
293,-11.055454545454545,382.13545454545454,22.0,78.0,True,driving
294,-14.613333333333337,381.83222222222224,22.0,78.0,True,driving
295,-14.285454545454543,381.8163636363636,22.0,78.0,True,driving
296,-13.585555555555556,381.89,22.0,78.0,True,driving
297,-13.498181818181818,381.9,22.0,78.0,True,driving
298,-15.231111111111112,381.7188888888889,22.0,78.0,True,driving
299,-16.07090909090909,381.6645454545455,22.0,78.0,True,driving
300,-15.08888888888889,381.7,22.0,78.0,True,driving
301,-12.102727272727272,381.90363636363634,22.0,78.0,True,driving
302,-7.877777777777778,382.2577777777778,22.0,78.0,True,driving
303,-6.734545454545454,382.3481818181818,22.0,78.0,True,driving
304,5.767777777777777,383.37888888888887,22.0,78.0,True,driving
305,14.760909090909092,384.2318181818182,22.0,78.0,True,driving
306,12.83111111111111,384.2,22.0,78.0,True,driving
307,10.55,384.0890909090909,22.0,78.0,True,driving
308,8.690000000000001,384.0033333333333,22.0,78.0,True,driving
309,11.513636363636364,384.29,22.0,78.0,True,driving
310,8.666666666666666,384.1088888888889,22.0,78.0,True,driving
311,3.872727272727273,383.7863636363636,22.0,78.0,True,driving
312,-1.2433333333333334,383.4088888888889,22.0,78.0,True,driving
313,-3.328181818181818,383.2172727272728,22.0,78.0,True,driving
314,-3.988888888888889,383.1322222222223,22.0,78.0,True,driving
315,-4.470909090909091,383.1,22.0,78.0,True,driving
316,-4.6,383.1,22.0,78.0,True,driving
317,-4.702727272727273,383.1,22.0,78.0,True,driving
318,-5.5,383.00888888888886,22.0,78.0,True,driving
319,-7.234545454545454,382.8554545454545,22.0,78.0,True,driving
320,-4.521111111111111,383.0677777777778,22.0,78.0,True,driving
321,-3.7654545454545456,383.1,22.0,78.0,True,driving
322,-3.9577777777777774,383.1,22.0,78.0,True,driving
323,-5.5,383.00888888888886,26.0,92.5,False,driving
324,-14.890080808080807,382.5134747474747,26.0,92.5,False,driving
325,-68.12430303030303,378.86175757575757,26.0,92.5,False,driving
326,-74.44351515151514,378.03066666666666,26.0,92.5,False,driving
327,-23.934828282828278,381.5552727272727,26.0,92.5,False,driving
328,-13.175555555555556,382.5422222222222,26.0,92.5,False,driving
329,-25.938181818181818,381.8109090909091,26.0,92.5,False,driving
330,-33.32888888888889,381.3022222222223,26.0,92.5,False,driving
331,-30.40363636363636,381.57272727272726,26.0,92.5,False,driving
332,-10.625555555555556,383.0177777777778,26.0,92.5,False,driving
333,3.880909090909091,384.1627272727273,26.0,92.5,False,driving
334,7.720000000000001,384.6166666666667,26.0,92.5,False,driving
335,-12.11909090909091,383.38090909090914,26.0,92.5,False,driving
336,-26.39555555555556,382.39666666666665,26.0,92.5,False,driving
337,-19.97,382.8290909090909,26.0,92.5,False,driving
338,-3.9877777777777776,384.0077777777778,26.0,92.5,False,driving
339,-2.9672727272727277,384.2,26.0,92.5,False,driving
340,-15.116666666666667,383.4455555555556,26.0,92.5,False,driving
341,-16.517272727272726,383.3627272727272,26.0,92.5,False,driving
342,-15.946666666666667,383.4244444444445,26.0,92.5,False,driving
343,-15.77090909090909,383.4790909090909,26.0,92.09,False,driving
344,-13.794444444444444,383.6377777777777,26.0,92.0,False,driving
345,-3.2581818181818183,384.4181818181818,26.0,92.0,False,driving
346,-1.948888888888889,384.61,26.0,92.0,False,driving
347,-12.060909090909092,384.0036363636364,26.0,92.0,False,driving
348,-29.571111111111108,382.79777777777775,26.0,92.0,False,driving
349,-35.21,382.3127272727273,26.0,92.0,False,driving
350,-34.86222222222222,382.3122222222222,26.0,92.0,False,driving
351,-40.47272727272727,381.91,26.0,92.0,False,driving
352,-127.43333333333334,375.8133333333333,26.0,92.0,False,driving
353,-164.56,372.6672727272728,26.0,92.0,False,driving
354,-105.87222222222222,376.25,26.0,92.0,False,driving
355,-92.27636363636364,377.2218181818182,26.0,92.0,False,driving
356,-120.29333333333336,375.19888888888886,26.0,92.0,False,driving
357,-142.53181818181818,373.3763636363637,26.0,92.0,False,driving
358,-96.74777777777778,376.1977777777777,26.0,91.5,False,driving
359,-53.18363636363636,379.4463636363636,26.0,91.5,False,driving
360,-110.79333333333334,375.5122222222223,26.0,91.5,False,driving
361,-138.07181818181817,373.2918181818182,26.0,91.5,False,driving
362,-75.12444444444445,377.4711111111111,26.0,91.5,False,driving
363,-68.42272727272727,377.95,26.0,91.5,False,driving
364,-53.18363636363636,379.4463636363636,10.0,76.0,False,idle
365,-90.97377777777778,376.7673333333334,10.0,76.0,False,idle
366,-87.51872727272726,376.698,10.0,76.0,False,idle
367,-36.793111111111116,380.09444444444443,10.0,76.0,False,idle
368,-23.09109090909091,381.01763636363637,10.0,76.0,False,idle
369,-12.005555555555556,381.7166666666666,10.0,76.0,False,idle
370,-12.336363636363636,381.6554545454546,10.0,76.0,False,idle
371,-11.924444444444443,381.7322222222222,10.0,76.0,False,idle
372,-12.295454545454543,381.6554545454546,10.0,76.0,False,idle
373,-12.422222222222222,381.6655555555556,10.0,76.0,False,idle
374,-12.103636363636362,381.6518181818182,10.0,76.0,False,idle
375,-12.044444444444444,381.6833333333333,10.0,76.0,False,idle
376,-11.437272727272727,381.7263636363636,10.0,76.0,False,idle
377,-11.883333333333333,381.7866666666666,10.0,76.0,False,idle
378,-10.854545454545455,381.8445454545454,10.0,76.0,False,idle
379,-11.655555555555557,381.8066666666667,10.0,76.0,False,idle
380,-11.56090909090909,381.74818181818176,10.0,76.0,False,idle
381,-11.667777777777776,381.7444444444444,10.0,76.0,False,idle
382,-11.989090909090908,381.7554545454546,10.0,76.0,False,idle
383,-11.49,381.7433333333333,10.0,76.0,False,idle
384,-11.803636363636365,381.81,10.0,76.0,False,idle
385,-10.984444444444444,381.7733333333333,10.0,76.0,False,idle
386,-11.328181818181818,381.8709090909091,10.0,76.0,False,idle
387,-10.537777777777778,381.9288888888889,10.0,76.0,False,idle
388,-10.268181818181818,381.9445454545455,10.0,76.0,False,idle
389,-10.657777777777778,381.9566666666667,10.0,76.0,False,idle
390,-9.990909090909092,382.0309090909091,10.0,76.0,False,idle
391,-9.415555555555557,382.1066666666667,10.0,76.0,False,idle
392,-9.034545454545452,382.1963636363636,10.0,76.0,False,idle
393,-8.901111111111112,382.1922222222222,10.0,76.0,False,idle
394,-8.93909090909091,382.2627272727273,10.0,76.0,False,idle
395,-9.990909090909092,382.0309090909091,19.0,87.0,False,driving
396,-1.5487657171717188,382.82327896969696,19.0,87.0,False,driving
397,12.828885616161617,384.18373818181817,19.0,87.0,False,driving
398,30.24252191919192,385.89376216161617,19.0,87.0,False,driving
399,39.77846004040404,387.08489478787885,19.0,87.0,False,driving
400,33.36484636363636,386.7688781818182,19.0,87.0,False,driving
401,18.414694444444443,385.4644155555556,19.0,87.5,False,driving
402,6.149060909090909,384.3910100000001,19.0,87.5,False,driving
403,4.117774444444445,384.1870755555556,19.0,87.5,False,driving
404,1.6615845454545453,383.9944972727273,19.0,87.5,False,driving
405,1.3091688888888888,383.9438033333333,19.0,87.5,False,driving
406,2.385682727272727,384.07272727272726,19.0,87.5,False,driving
407,1.2095855555555557,384.0,19.0,87.5,False,driving
408,-1.08977,383.8470227272728,19.0,87.5,False,driving
409,-3.784454444444445,383.60500666666667,19.0,87.5,False,driving
410,-7.074214545454546,383.31565,19.0,87.5,False,driving
411,-6.368245555555556,383.3604766666666,19.0,87.5,False,driving
412,2.9775036363636365,384.2165063636363,19.0,87.5,False,driving
413,9.288753333333334,384.85429222222217,19.0,87.5,False,driving
414,6.876686363636364,384.7758227272727,19.0,87.5,False,driving
415,0.3193566666666666,384.2099066666667,19.0,87.5,False,driving
416,-5.440673636363636,383.7328927272727,19.0,87.5,False,driving
417,-12.09284,383.0926844444445,19.0,87.5,False,driving
418,-18.596464545454545,382.5048409090909,19.0,87.5,False,driving
419,-31.781547777777774,381.25817777777775,19.0,87.5,False,driving
420,-39.05673818181818,380.45666,19.0,87.5,False,driving
421,-58.77086111111112,378.6147277777778,19.0,87.0,False,driving
422,-78.48212818181818,376.5742272727273,19.0,87.0,False,driving
423,-63.763623333333335,377.49789555555554,19.0,87.0,False,driving
424,-29.39998181818182,380.51193,19.0,87.0,False,driving
425,-13.09231,382.12764,19.0,87.0,False,driving
426,-16.32983181818182,381.9975618181818,19.0,87.0,False,driving
427,-27.353641111111116,381.02946777777777,19.0,87.0,False,driving
428,-35.72892818181818,380.2202272727272,19.0,87.0,False,driving
429,-32.439076666666665,380.39033666666666,19.0,87.0,False,driving
430,-17.78239818181818,381.7206090909091,19.0,87.0,False,driving
431,-10.704862222222223,382.45393666666666,19.0,87.0,False,driving
432,-11.551505454545454,382.4831454545454,19.0,87.0,False,driving
433,-20.24065555555556,381.7454311111112,19.0,87.0,False,driving
434,-33.32958909090909,380.5124436363636,19.0,87.0,False,driving
435,-32.21545888888889,380.48085888888886,19.0,87.0,False,driving
436,-23.33365545454545,381.2811136363636,19.0,87.0,False,driving
437,-20.80209888888889,381.5332855555556,19.0,87.0,False,driving
438,-13.969717272727271,382.1739354545455,18.886270909090907,87.0,False,driving
439,-9.779461111111113,382.62141777777776,18.11558888888889,87.0,False,driving
440,-10.056325454545457,382.6552054545455,18.0,87.0,False,driving
441,-10.904746666666666,382.6245977777778,18.0,87.0,False,driving
442,-10.749337272727272,382.6973981818182,18.0,87.0,False,driving
443,-10.919051111111113,382.7,18.0,87.0,False,driving
444,-11.627237272727273,382.6818181818182,18.0,87.0,False,driving
445,-11.845997777777775,382.67778,18.0,87.0,False,driving
446,-11.722174545454545,382.7,18.0,87.0,False,driving
447,-11.986574444444445,382.6809411111111,18.0,87.0,False,driving
448,-13.5908,382.5811227272727,18.0,87.0,False,driving
449,-16.43289111111111,382.3126644444444,18.0,87.0,False,driving
450,-18.11516636363636,382.13699454545457,18.0,87.0,False,driving
451,-19.148605555555555,382.0785466666667,18.0,87.0,False,driving
452,-19.53510090909091,382.00846,18.0,87.0,False,driving
453,-22.55009111111111,381.7664966666667,18.0,87.0,False,driving
454,-32.41027181818182,380.82307,18.0,87.0,False,driving
455,-84.64149555555555,376.28973,18.0,87.0,False,driving
456,-163.59742545454546,368.59686,18.0,87.0,False,driving
457,-95.00502444444444,373.6289366666667,18.0,86.5,False,driving
458,-24.936613636363635,380.15312454545455,18.0,86.5,False,driving
459,-20.94061555555556,380.82848666666666,18.0,86.5,False,driving
460,-32.553031818181815,379.8585309090909,18.0,86.5,False,driving
461,-27.021412222222224,380.2538333333333,18.0,86.5,False,driving
462,-15.632218181818182,381.4083709090909,18.0,86.5,False,driving
463,-26.052176666666668,380.6358755555555,18.0,86.5,False,driving
464,-63.12013181818182,377.36987454545454,18.0,86.5,False,driving
465,-143.57265999999998,369.92586,18.0,86.5,False,driving
466,-155.52560727272729,368.1201336363636,18.0,86.5,False,driving
467,-130.2903511111111,369.7094877777778,18.0,86.5,False,driving
468,-38.925641818181816,377.6545827272728,18.0,86.5,False,driving
469,-18.806406666666668,379.9126933333333,18.0,86.0,False,driving
470,-29.827944545454542,379.1538927272728,18.0,86.0,False,driving
471,-19.42373333333333,380.10159,18.0,86.0,False,driving
472,-12.706511818181816,380.9051945454546,18.0,86.0,False,driving
473,-8.99516,381.3777866666667,18.0,86.0,False,driving
474,-2.943242727272727,382.0175590909091,18.0,86.0,False,driving
475,3.442902222222222,382.7508044444445,18.0,86.0,False,driving
476,5.099303636363636,383.0740336363637,18.0,86.0,False,driving
477,-1.98573,382.63565,18.0,86.0,False,driving
478,-11.565869090909093,381.8077718181818,18.0,86.0,False,driving
479,-14.699275555555554,381.5118977777777,18.0,86.0,False,driving
480,-10.413838181818182,381.9130363636364,18.0,86.0,False,driving
481,-9.805107777777778,382.05394666666666,18.0,86.0,False,driving
482,-15.965622727272727,381.54669545454544,18.0,86.0,False,driving
483,-23.25992,380.8603522222222,18.0,86.0,False,driving
484,-7.966294545454545,382.1813290909091,18.0,86.0,False,driving
485,4.697605555555556,383.4484411111111,18.0,86.0,False,driving
486,1.1158409090909092,383.2791972727273,18.0,86.0,False,driving
487,-1.4476933333333333,383.1222266666667,18.0,86.0,False,driving
488,-1.242159090909091,383.19936,18.0,86.0,False,driving
489,-2.8322077777777777,383.1301333333333,18.0,86.0,False,driving
490,-9.268189090909091,382.5824090909091,18.0,86.0,False,driving
491,-14.87945888888889,382.07856,18.0,86.0,False,driving
492,-19.199957272727275,381.6959909090909,18.0,86.0,False,driving
493,-25.09052888888889,381.1142844444444,18.0,86.0,False,driving
494,-25.038436363636364,381.0714054545455,18.0,86.0,False,driving
495,-26.146831111111112,380.9277011111111,18.0,86.0,False,driving
496,-30.68212727272727,380.4629427272728,18.0,86.0,False,driving
497,-31.04211888888889,380.3587233333333,18.0,86.0,False,driving
498,-33.97835,380.1297036363636,18.0,86.0,False,driving
499,-40.17115777777778,379.4658044444444,18.0,86.0,False,driving
500,-41.04480909090909,379.2774127272728,18.0,86.0,False,driving
501,-49.00371555555555,378.5350455555556,18.0,86.0,False,driving
502,-66.63936818181818,376.83963,18.0,86.0,False,driving
503,-81.95229888888889,375.2145988888889,18.0,86.0,False,driving
504,-55.03018454545455,377.32054,18.0,86.0,False,driving
505,-33.41708777777777,379.3102422222222,18.0,86.0,False,driving
506,-47.983540909090905,378.1225881818182,18.0,86.0,False,driving
507,-45.56114444444445,378.1195644444445,18.0,85.5,False,driving
508,-17.098327272727275,380.67935,18.0,85.5,False,driving
509,-9.050061111111113,381.62267777777777,18.0,85.5,False,driving
510,-3.790967272727273,382.2296145454545,18.0,85.5,False,driving
511,1.5376344444444443,382.78191,18.0,85.5,False,driving
512,94.4301118181818,391.3134654545455,18.0,85.5,False,driving
513,3.3049688888888884,384.14626,18.0,85.5,False,driving
514,-67.47586090909091,377.5532163636364,18.0,85.5,False,driving
515,-19.86641888888889,380.9455977777778,18.0,85.5,False,driving
516,88.04401181818183,391.10718909090906,18.0,85.5,False,driving
517,28.96981111111111,386.4273766666667,18.0,85.5,False,driving
518,-5.658207272727273,383.3719727272728,18.0,85.5,False,driving
519,-6.662856666666666,383.1873644444444,18.0,85.5,False,driving
520,-6.871510000000001,383.16364,18.0,85.5,False,driving
521,7.510985555555556,384.3716055555556,18.0,85.5,False,driving
522,15.473434545454548,385.29710454545454,18.0,85.5,False,driving
523,11.227162222222224,385.0104333333333,18.0,85.5,False,driving
524,-4.500399090909091,383.6259227272727,18.0,85.5,False,driving
525,-8.87129,383.20457,18.0,85.5,False,driving
526,-27.273326363636365,381.58257,18.0,85.5,False,driving
527,-82.78383555555556,376.4710822222222,18.0,85.5,False,driving
528,-77.8795209090909,376.35207090909086,18.0,85.5,False,driving
529,-20.47406,381.2558266666667,18.0,85.5,False,driving
530,4.529439090909091,383.7559754545455,18.0,85.5,False,driving
531,-10.532767777777778,382.58293333333336,18.0,85.5,False,driving
532,-18.31176636363636,381.8920290909091,18.0,85.5,False,driving
533,-25.32529222222222,381.2036055555556,18.0,85.5,False,driving
534,-24.60735545454545,381.2228500000001,18.0,85.5,False,driving
535,-15.400012222222225,382.0005111111111,18.0,85.5,False,driving
536,-1.163499090909091,383.33074909090914,18.0,85.5,False,driving
537,-0.6456244444444444,383.53083555555554,18.0,85.5,False,driving
538,-11.858716363636365,382.6169718181818,18.0,85.5,False,driving
539,-24.17738333333333,381.5005955555556,18.0,85.5,False,driving
540,-31.262362727272727,380.7556472727272,18.0,85.5,False,driving
541,-32.85537888888889,380.51436666666666,18.0,85.5,False,driving
542,-43.62064363636364,379.5067181818182,18.0,85.5,False,driving
543,-72.42431333333333,376.7677777777778,18.0,85.5,False,driving
544,-67.04347272727273,376.8878245454545,18.0,85.5,False,driving
545,-41.033904444444445,379.1316122222222,18.0,85.5,False,driving
546,-47.19379000000001,378.5839927272728,18.0,85.5,False,driving
547,-56.959268888888886,377.5988233333333,18.0,85.5,False,driving
548,-69.62202272727274,376.3676218181818,18.0,85.5,False,driving
549,-73.59569,375.7778922222222,18.0,85.5,False,driving
550,-53.11968090909091,377.43328454545457,18.0,85.5,False,driving
551,-39.04687777777778,378.72940444444447,18.0,85.0,False,driving
552,-33.043456363636366,379.3192309090909,18.0,85.0,False,driving
553,-46.85552333333333,378.1416888888889,18.0,85.0,False,driving
554,-69.99634181818182,375.9498236363636,18.0,85.0,False,driving
555,-66.35270666666666,376.06836444444446,18.0,85.0,False,driving
556,-37.34418272727272,378.5342854545455,18.0,85.0,False,driving
557,-16.961615555555554,380.4927355555556,18.0,85.0,False,driving
558,-23.076044545454547,380.0716954545454,18.0,85.0,False,driving
559,-10.080672222222224,381.27014,18.0,85.0,False,driving
560,-2.6012081818181816,382.0993272727273,18.0,85.0,False,driving
561,1.0922477777777777,382.5709577777778,18.0,85.0,False,driving
562,5.013627272727273,383.07485,18.0,85.0,False,driving
563,3.934444444444444,383.12903222222224,18.0,85.0,False,driving
564,-1.812840909090909,382.7160536363636,18.0,85.0,False,driving
565,-7.122504444444445,382.2905944444444,18.0,85.0,False,driving
566,-5.776729090909091,382.4343290909091,18.0,85.0,False,driving
567,1.890595555555556,383.16497,18.0,85.0,False,driving
568,4.060059090909092,383.4539090909091,18.0,85.0,False,driving
569,7.457012222222223,383.8574855555555,18.0,85.0,False,driving
570,12.647225454545456,384.4299972727273,18.0,85.0,False,driving
571,54.27740222222221,388.0942411111112,18.0,85.0,False,driving
572,82.02583454545454,391.2865781818182,18.0,85.0,False,driving
573,-10.067392222222225,383.3756311111112,18.0,85.0,False,driving
574,-26.28043818181818,381.6333972727273,18.0,85.0,False,driving
575,-21.960842222222222,381.7980888888889,18.0,85.0,False,driving
576,8.848852727272726,384.4127509090909,18.0,85.0,False,driving
577,81.07813444444444,391.12845444444446,18.0,85.0,False,driving
578,22.70507909090909,386.46800272727273,18.0,85.0,False,driving
579,-0.8819455555555555,384.2700388888889,18.0,85.0,False,driving
580,3.24536,384.5729845454545,18.0,85.0,False,driving
581,19.933502222222224,386.0623633333333,18.0,85.0,False,driving
582,7.0204200000000005,385.09279,18.0,85.0,False,driving
583,-3.4533377777777776,384.11010111111113,18.0,85.0,False,driving
584,-8.71445909090909,383.6013772727272,18.0,85.0,False,driving
585,-8.858136666666667,383.5147322222222,18.0,85.0,False,driving
586,-1.1735236363636363,384.1623672727273,18.0,85.0,False,driving
587,6.254918888888889,384.8872122222222,18.0,85.0,False,driving
588,4.757808181818182,384.82727454545454,18.0,85.0,False,driving
589,13.240107777777776,385.5882,18.0,85.0,False,driving
590,39.41175181818182,388.0176236363637,18.0,85.0,False,driving
591,37.83024111111112,388.1480622222222,18.0,85.0,False,driving
592,38.49633272727272,388.3411272727273,18.0,85.0,False,driving
593,37.70348,388.3980588888888,18.0,85.0,False,driving
594,35.667922727272725,388.32387454545454,18.0,85.0,False,driving
595,21.504181111111112,387.21451777777776,18.0,85.0,False,driving
596,24.199372727272728,387.4331981818182,18.0,85.0,False,driving
597,0.9634533333333332,385.4471588888889,18.0,85.0,False,driving
598,-6.907419999999999,384.6411672727273,18.0,85.0,False,driving
599,-9.572494444444445,384.27944777777776,18.0,85.0,False,driving
600,-10.107483636363638,384.1740918181818,18.0,85.0,False,driving
601,-14.570457777777778,383.7502866666666,18.0,85.0,False,driving
602,-26.19893,382.63434,18.0,85.0,False,driving
603,-45.41343444444445,380.82654,18.0,85.0,False,driving
604,-93.45196545454546,376.3258236363636,18.0,85.0,False,driving
605,-71.38076666666666,377.56064333333336,18.0,85.0,False,driving
606,-27.900437272727277,381.39602181818185,18.0,85.0,False,driving
607,-12.91232,382.87328333333335,18.0,85.0,False,driving
608,-27.96834909090909,381.7341763636363,18.0,85.0,False,driving
609,-62.78476555555556,378.4670633333333,18.0,85.0,False,driving
610,-43.236692727272725,379.7749318181818,18.0,85.0,False,driving
611,-10.809227777777778,382.6729177777778,18.0,85.0,False,driving
612,-5.494716363636363,383.3499990909091,18.0,85.0,False,driving
613,-7.072956666666666,383.3000011111111,18.0,85.0,False,driving
614,-2.239581818181818,383.7379581818182,18.0,85.0,False,driving
615,15.530585555555556,385.46305777777775,18.0,85.0,False,driving
616,3.978095454545455,384.5955972727272,18.0,85.0,False,driving
617,2.696883333333333,384.5084244444445,18.0,85.0,False,driving
618,9.85376909090909,385.16513181818186,18.0,85.0,False,driving
619,19.60663,386.1458566666667,18.0,85.0,False,driving
620,22.494916363636364,386.5711290909092,18.0,85.0,False,driving
621,16.328452222222225,386.2145066666666,18.0,85.0,False,driving
622,2.977711818181818,384.93964181818177,18.0,85.0,False,driving
623,4.542755555555555,385.0397466666666,18.0,85.0,False,driving
624,18.05401,386.3796454545454,18.0,85.0,False,driving
625,41.72331111111111,388.3887066666667,18.0,85.0,False,driving
626,85.80841181818181,392.8624563636364,18.0,85.0,False,driving
627,7.33564,386.25670888888885,18.0,85.0,False,driving
628,36.46033454545454,388.4067827272728,18.0,85.0,False,driving
629,18.05401,386.3796454545454,19.0,99.5,False,driving
630,29.946724666666668,388.58542711111113,19.0,99.5,False,driving
631,41.53875909090908,391.1542181818182,19.0,99.5,False,driving
632,-16.356887999999998,387.2533868888889,19.0,99.5,False,driving
633,-10.528128727272726,388.5553601818182,19.0,99.5,False,driving
634,4.558092222222222,390.87801,19.0,99.5,False,driving
635,10.350309090909091,391.54852909090914,19.0,99.5,False,driving
636,8.102328888888888,391.4076811111111,19.0,99.5,False,driving
637,-4.206296363636364,390.43898454545456,19.0,99.5,False,driving
638,-32.62797666666667,387.9511211111111,19.0,99.5,False,driving
639,-9.85565090909091,389.6277927272727,19.0,99.5,False,driving
640,8.034217777777776,391.3519988888889,19.0,99.5,False,driving
641,-5.092582727272728,390.26311,19.0,99.5,False,driving
642,-8.747875555555556,389.87673,19.0,99.5,False,driving
643,2.4509909090909088,390.8290081818182,19.0,99.5,False,driving
644,-8.24307888888889,390.0485933333333,19.0,99.5,False,driving
645,-42.90928818181818,386.96009090909087,19.0,99.5,False,driving
646,-62.667677777777776,385.1190144444444,19.0,99.5,False,driving
647,-85.01105363636363,382.9313563636364,19.0,99.5,False,driving
648,-91.24225222222222,382.11994333333337,19.0,99.5,False,driving
649,-52.50869090909091,385.1577909090909,19.0,99.5,False,driving
650,-20.517206666666667,387.92514,19.0,99.5,False,driving
651,-11.916212727272727,388.77584181818185,19.0,99.14827,False,driving
652,-15.95211888888889,388.56550333333337,19.0,99.0,False,driving
653,-27.160194545454544,387.5388663636364,19.0,99.0,False,driving
654,-27.37343555555556,387.46840777777777,19.0,99.0,False,driving
655,-26.34377636363637,387.5332454545455,19.0,99.0,False,driving
656,-23.318711111111117,387.7382444444445,19.0,99.0,False,driving
657,-22.256107272727277,387.88012909090907,19.0,99.0,False,driving
658,-18.468152222222223,388.15984888888886,19.0,99.0,False,driving
659,-14.41852909090909,388.5533690909091,19.0,99.0,False,driving
660,-18.318352222222224,388.1923844444444,19.0,99.0,False,driving
661,-13.021091818181818,388.6506718181818,19.0,99.0,False,driving
662,-10.01408222222222,388.9646111111112,19.0,99.0,False,driving
663,-7.816748181818181,389.13131909090913,19.0,99.0,False,driving
664,-8.57861111111111,389.10646,19.0,99.0,False,driving
665,-14.21857909090909,388.6610118181818,19.0,99.0,False,driving
666,-10.381633333333331,388.9909333333333,19.0,99.0,False,driving
667,5.702955454545454,390.3416118181818,19.0,99.0,False,driving
668,4.553843333333333,390.3631133333333,19.0,99.0,False,driving
669,-4.239583636363636,389.6428118181818,19.0,99.0,False,driving
670,9.734507777777775,390.8357811111112,19.0,99.0,False,driving
671,-2.1899290909090907,389.93024,19.0,99.0,False,driving
672,-13.225826666666666,388.95517777777775,19.0,99.0,False,driving
673,-18.25405909090909,388.44666818181815,19.0,99.0,False,driving
674,-13.13592888888889,388.85148888888887,19.0,99.0,False,driving
675,-13.060082727272729,388.8743909090909,19.0,99.0,False,driving
676,-15.76103222222222,388.6268133333333,19.0,99.0,False,driving
677,-23.838626363636365,387.9004372727273,19.0,99.0,False,driving
678,-15.317232222222222,388.52007333333336,19.0,99.0,False,driving
679,25.26720090909091,392.0908145454545,19.0,99.0,False,driving
680,18.13856333333333,391.6982711111111,19.0,99.0,False,driving
681,0.9525972727272728,390.2783336363637,19.0,99.0,False,driving
682,-6.929806666666667,389.5459588888889,19.0,99.0,False,driving
683,17.066775454545454,391.5673809090909,19.0,99.0,False,driving
684,26.77603888888889,392.65724666666665,19.0,99.0,False,driving
685,0.0890563636363635,390.40095818181817,19.0,99.0,False,driving
686,-10.569773333333334,389.4058011111112,19.0,99.0,False,driving
687,-6.121070909090909,389.73412454545456,19.0,99.0,False,driving
688,-12.657821111111112,389.1927011111111,19.0,99.0,False,driving
689,-41.19875454545455,386.6627809090909,19.0,99.0,False,driving
690,-16.09763333333333,388.61523,19.0,99.0,False,driving
691,11.215116363636364,391.0803118181818,19.0,99.0,False,driving
692,-5.850548888888889,389.7384955555556,19.0,99.0,False,driving
693,-21.80359272727273,388.3415345454545,19.0,99.0,False,driving
694,-49.975116666666665,385.81780333333336,19.0,99.0,False,driving
695,-43.61056,386.1392709090909,19.0,99.0,False,driving
696,-25.05278333333333,387.64667333333335,19.0,99.0,False,driving
697,-21.957171818181816,387.9669018181818,19.0,99.0,False,driving
698,-21.776698888888887,387.9342588888889,19.0,99.0,False,driving
699,11.525094545454545,390.7172836363636,19.0,99.0,False,driving
700,43.64826333333333,393.7844711111111,19.0,99.0,False,driving
701,33.56635909090909,393.0802981818182,19.0,99.0,False,driving
702,-21.957171818181816,387.9669018181818,28.0,87.0,True,regen
703,-5.690470222222224,388.3280737777778,28.0,87.0,True,regen
704,23.532511272727273,390.0060065454545,28.0,87.0,True,regen
705,37.470638666666666,390.59578844444445,28.0,87.0,True,regen
706,36.95254454545455,389.6611505454546,28.0,87.0,True,regen
707,54.60888888888889,390.0222222222222,28.0,87.0,True,regen
708,53.41181818181818,390.12,28.0,87.0,True,regen
709,47.08222222222222,389.78222222222223,28.0,87.0,True,regen
710,42.67272727272727,389.6,28.0,87.0,True,regen
711,34.287777777777784,389.13666666666666,28.0,87.0,True,regen
712,21.41909090909091,388.3018181818181,28.0,87.0,True,regen
713,10.997777777777776,387.63666666666666,28.0,87.0,True,regen
714,2.491818181818182,387.0309090909091,28.0,87.0,True,regen
715,42.67272727272727,389.6,18.0,74.5,False,idle
716,27.202404040404044,387.5493333333334,18.0,74.5,False,idle
717,12.389232323232324,385.4610909090908,18.0,74.5,False,idle
718,3.7096565656565645,383.7746666666667,18.0,74.5,False,idle
719,-0.4776363636363635,382.3661818181818,18.0,74.5,False,idle
720,-1.1454545454545455,381.2,18.0,74.5,False,idle
721,-1.1188888888888888,381.2,18.0,74.5,False,idle
722,-1.1181818181818182,381.2,18.0,74.5,False,idle
723,-1.0422222222222224,381.2,18.0,74.5,False,idle
724,-0.9118181818181816,381.23545454545456,18.0,74.5,False,idle
725,-0.8544444444444445,381.26,18.0,74.5,False,idle
726,-0.8418181818181818,381.3,18.0,74.5,False,idle
727,-0.8233333333333334,381.3,18.0,74.5,False,idle
728,-0.9009090909090908,381.2827272727272,18.0,74.5,False,idle
729,-1.867777777777777,381.21777777777777,18.0,74.5,False,idle
730,-2.4827272727272724,381.1245454545455,18.0,74.5,False,idle
731,-2.1155555555555554,381.13666666666666,18.0,74.5,False,idle
732,-1.5754545454545457,381.2,18.0,74.5,False,idle
733,-1.6,381.2,18.0,74.5,False,idle
734,-1.6036363636363635,381.2,18.0,74.5,False,idle
735,-1.6322222222222222,381.2,18.0,74.5,False,idle
736,-1.6454545454545455,381.2,18.0,74.5,False,idle
737,-1.6555555555555557,381.2,18.0,74.5,False,idle
738,-1.681818181818182,381.2,18.0,74.5,False,idle
739,-1.6777777777777778,381.2,18.0,74.5,False,idle
740,-1.7,381.2,18.0,74.5,False,idle
741,-1.7144444444444444,381.2,18.0,74.5,False,idle
742,-1.781818181818182,381.2,18.0,74.5,False,idle
743,-1.7777777777777777,381.2,18.0,74.5,False,idle
744,-1.6736363636363636,381.2036363636364,18.0,74.5,False,idle
745,-0.8433333333333333,381.2988888888889,18.0,74.5,False,idle
746,-0.820909090909091,381.3,18.0,74.5,False,idle
747,-0.8188888888888889,381.3,18.0,74.5,False,idle
748,-0.8218181818181819,381.3,18.0,74.5,False,idle
749,-0.8400000000000001,381.3444444444444,18.0,74.5,False,idle
750,-0.8363636363636364,381.34,18.0,74.5,False,idle
751,-0.8,381.3988888888889,18.0,74.5,False,idle
752,-0.8218181818181819,381.4,18.0,74.5,False,idle
753,-0.8400000000000001,381.4,18.0,74.5,False,idle
754,-0.8036363636363636,381.4,18.0,74.5,False,idle
755,-0.8177777777777778,381.4,18.0,74.5,False,idle
756,-0.8218181818181819,381.4,18.0,74.5,False,idle
757,-0.8177777777777778,381.4,18.0,74.5,False,idle
758,-0.84,381.4,18.0,74.5,False,idle
759,-0.8177777777777778,381.4,18.0,74.5,False,idle
760,-0.8218181818181819,381.4,18.0,74.5,False,idle
761,-0.8177777777777778,381.4,18.0,74.5,False,idle
762,-0.8036363636363636,381.4,18.0,74.5,False,idle
763,-0.8400000000000001,381.4,18.0,74.5,False,idle
764,-0.8181818181818182,381.4,18.0,74.5,False,idle
765,-0.8,381.4,18.0,74.5,False,idle
766,-0.84,381.4,18.0,74.5,False,idle
767,-0.8622222222222222,381.4,18.0,74.5,False,idle
768,-0.84,381.4,18.0,74.5,False,idle
769,-0.8177777777777778,381.4,18.0,74.5,False,idle
770,-0.8827272727272728,381.4,18.002727272727274,74.5,False,idle
